course_id,subject_code,course_designation,full_course_designation,minimum_credits,maximum_credits,general_education,ethnic_studies,social_science,humanities,biological_science,physical_science,natural_science,literature,level
,,,,,,,,,,,,,,
,,,,,,,,,,,,,,
,,,,,,,,,,,,,,
,,,,,,,,,,,,,,
,,,,,,,,,,,,,,
,,,,,,,,,,,,,,
,,,,,,,,,,,,,,
,,,,,,,,,,,,,,
,,,,,,,,,,,,,,
,,,,,,,,,,,,,,
,,,,,,,,,,,,,,
,,,,,,,,,,,,,,
,,,,,,,,,,,,,,
,,,,,,,,,,,,,,
,,,,,,,,,,,,,,
,,,,,,,,,,,,,,
,,,,,,,,,,,,,,
,,,,,,,,,,,,,,
,,,,,,,,,,,,,,
,,,,,,,,,,,,,,
,,,,,,,,,,,,,,
,,,,,,,,,,,,,,
,,,,,,,,,,,,,,
,,,,,,,,,,,,,,
,,,,,,,,,,,,,,
,,,,,,,,,,,,,,
,,,,,,,,,,,,,,
,,,,,,,,,H,,,,,E
,,,,,,,,,,,,,,E
,,,,,,,,,,,,,,E
,,,,,,,,,H,,,,,E
,,,,,,,,,H,,,,,E
,,,,,,,,,H,,,,,E
,,,,,,,,,H,,,,,E
,,,,,,,,,,,,,,E
,,,,,,,,,,,,,,
,,,,,,,,,,,,,,E
,,,,,,,,,H,,,,,E
,,,,,,,,,,,,,,E
,,,,,,,,,,,,,,E
,,,,,,,,,,,,,,E
,,,,,,,,,H,,,,,E
,,,,,,,,,,,,,,E
,,,,,,,,,,,,,,E
,,,,,,,,,,,,,,E
,,,,,,,,,H,,,,,E
,,,,,,,,,H,,,,,E
,,,,,,,,,H,,,,,E
,,,,,,,,,H,,,,,E
,,,,,,,,,,,,,,E
,,,,,,,,,,,,,,E
,,,,,,,,,,,,,,E
,,,,,,,,,,,,,,
,,,,,,,,,,,,,,E
,,,,,,,,,,,,,,E
,,,,,,,,,H,,,,,E
,,,,,,,,,,,,,,E
,,,,,,,,,,,,,,
,,,,,,,,,,,,,,E
,,,,,,,,,,,,,,E
,,,,,,,,,,,,,,E
,,,,,,,,,,,,,,E
,,,,,,,,,,,,,,E
,,,,,,,,,,,,,,E
,,,,,,,,,,,,,,
,,,,,,,,,,,,,,E
,,,,,,,,,,,,,,
,,,,,,,,,,,,,,
,,,,,,,,,,,,,,E
,,,,,,,,,,,,,,E
,,,,,,,,,,,,,,
,,,,,,,,,,,,,,E
,,,,,,,,,H,,,,,E
,,,,,,,,,,,,,,E
,,,,,,,,,,,,,,E
,,,,,,,,,,,,,,E
,,,,,,,,,H,,,,,E
,,,,,,,,,,,,,,E
,,,,,,,,,,,,,,E
,,,,,,,,,H,,,,,E
,,,,,,,,,,,,,,E
,,,,,,,,,,,,,,
,,,,,,,,,H,,,,,E
,,,,,,,,,,,,,,E
,,,,,,,,,,,,,,
,,,,,,,,,H,,,,,E
,,,,,,,,,,,,,,E
,,,,,,,,,,,,,,E
,,,,,,,,,,,,,,E
,,,,,,,,,,,,,,E
,,,,,,,,,,,,,,E
,,,,,,,,,,,,,,E
,,,,,,,,,,,,,,E
,,,,,,,,,H,,,,,E
,,,,,,,,,,,,,,
,,,,,,,,,,,,,,E
,,,,,,,,,,,,,,E
,,,,,,,,,,,,,,E
,,,,,,,,,,,,,L,E
,,,,,,,,,,,,,L,E
,,,,,,,,,,,,,L,E
,,,,,,,,,,,,,,E
,,,,,,,,,,,,,,E
,,,,,,,,,,,,,,E
,,,,,,,,,,,,,,E
,,,,,,,,,,,,,,E
,,,,,,,,,,,,,,E
,,,,,,,,,,,,,,E
,,,,,,,,,,,,,,E
,,,,,,,,,,,,,,E
,,,,,,,,,,,,,,E
,,,,,,,,,,,,,,E
,,,,,,,,,,,,,,E
,,,,,,,,,H,,,,,E
,,,,,,,,,,,,,,E
,,,,,,,,,H,,,,,E
,,,,,,,,,,,,,,E
,,,,,,,,,,,,,,E
,,,,,,,,,,,,,,E
,,,,,,,,,H,,,,,E
,,,,,,,,,H,,,,,E
,,,,,,,,,,,,,,E
,,,,,,,,,H,,,,,E
,,,,,,,,,,,,,,E
,,,,,,,,,,,,,,E
,,,,,,,,,,,,,,E
,,,,,,,,,,,,,,E
,,,,,,,,,,,,,,E
,,,,,,,,,,,,,,E
,,,,,,,,,,,,,,E
,,,,,,,,,H,,,,,E
,,,,,,,,,,,,,,E
,,,,,,,,,,,,,,E
,,,,,,,,,,,,,,E
,,,,,,,,,,,,,,E
,,,,,,,,,,,,,,
,,,,,,,,,H,,,,,E
,,,,,,,,,,,,,,E
,,,,,,,,,,,,,,E
,,,,,,,,,,,,,,E
,,,,,,,,,H,,,,,E
,,,,,,,,,H,,,,,E
,,,,,,,,,H,,,,,E
,,,,,,,,,,,,,,E
,,,,,,,,,,,,,,E
,,,,,,,,,,,,,,E
,,,,,,,,,,,,,,E
,,,,,,,,,,,,,,
,,,,,,,,,,,,,,E
,,,,,,,,,,,,,,E
,,,,,,,,,,,,,,E
,,,,,,,,,,,,,,E
,,,,,,,,,,,,,,E
,,,,,,,,,,,,,,E
,,,,,,,,,,,,,,E
,,,,,,,,,,,,,,E
,,,,,,,,,,,,,,
,,,,,,,,,,,,,,E
,,,,,,,,,,,,,,E
,,,,,,,,,,,,,,E
,,,,,,,,,,,,,,
,,,,,,,,,,,,,,
,,,,,,,,,,,,,,E
,,,,,,,,,,,,,,E
,,,,,,,,,,,,,,E
,,,,,,,,,,,,,,E
,,,,,,,,,H,,,,,E
,,,,,,,,,,,,,,E
,,,,,,,,,H,,,,,E
,,,,,,,,,,,,,,E
,,,,,,,,,,,,,,E
,,,,,,,,,,,,,,E
,,,,,,,,,,,,,,E
,,,,,,,,,H,,,,,E
,,,,,,,,,,,,,,E
,,,,,,,,,,,,,,
,,,,,,,,,,,,,,
,,,,,,,,,,,,,,
,,,,,,,,,,,,,,
,,,,,,,,,,,,,,
,,,,,,,,,,,,,,E
,,,,,,,,,,,,,,
,,,,,,,,,,,,,,E
,,,,,,,,,H,,,,,E
,,,,,,,,,,,,,,
,,,,,,,,,H,,,,,E
,,,,,,,,,H,,,,,E
,,,,,,,,,H,,,,,E
,,,,,,,,,H,,,,,E
,,,,,,,,,,,,,,
,,,,,,,,,,,,,,E
,,,,,,,,,,,,,,E
,,,,,,,,,,,,,,E
,,,,,,,,,,,,,,E
,,,,,,,,,,,,,,
,,,,,,,,,,,,,,E
,,,,,,,,,,,,,,
,,,,,,,,,,,,,,
,,,,,,,,,,,,,,E
,,,,,,,,,,,,,,
,,,,,,,,,,,,,,E
,,,,,,,,,,,,,,E
,,,,,,,,,,,,,,
,,,,,,,,,,,,,,
,,,,,,,,,H,,,,,E
,,,,,,,,,,,,,,E
,,,,,,,,,,,,,,
,,,,,,,,,,,,,,
,,,,,,,,,,,,,,E
,,,,,,,,,,,,,,
,,,,,,,,,,,,,,E
,,,,,,,,,H,,,,,E
,,,,,,,,,,,,,,E
,,,,,,,,,,,,,,
,,,,,,,,,,,,,,
,,,,,,,,,,,,,,E
,,,,,,,,,,,,,,E
,,,,,,,,,,,,,,
,,,,,,,,,,,,,,
,,,,,,,,,,,,,,
,,,,,,,,,,,,,,
,,,,,,,,,,,,,,
,,,,,,,,,,,,,,
,,,,,,,,,,,,,,
,,,,,,,,,,,,,,
,,,,,,,,,,,,,,
,,,,,,,,,H,,,,,E
,,,,,,,,,,,,,,E
,,,,,,,,,,,,,,E
,,,,,,,,,,,,,,
,,,,,,,,,,,,,,
,,,,,,,,,,,,,,
,,,,,,,,,,,,,,E
,,,,,,,,,,,,,,E
,,,,,,,,,,,,,,E
,,,,,,,,,,,,,,
,,,,,,,,,H,,,,,E
,,,,,,,,,H,,,,,E
,,,,,,,,,H,,,,,E
,,,,,,,,,,,,,,E
,,,,,,,,,H,,,,,E
,,,,,,,,,,,,,L,E
,,,,,,,,,,,,,,E
,,,,,,,,,,,,,,E
,,,,,,,,,H,,,,,E
,,,,,,,,,,,,,,E
,,,,,,,,,,,,,,E
,,,,,,,,,,,,,,E
,,,,,,,,,,,,,,E
,,,,,,,,,H,,,,,E
,,,,,,,,,,,,,,E
,,,,,,,,,,,,,L,E
,,,,,,,,,,,,,,E
,,,,,,,,,,,,,,E
,,,,,,,,,,,,,,
,,,,,,,,,H,,,,,E
,,,,,,,,,,,,,,
,,,,,,,,,,,,,,E
,,,,,,,,,,,,,,E
,,,,,,,,,,,,,,E
,,,,,,,,,,,,,,E
,,,,,,,,,,,,,,E
,,,,,,,,,,,,,,E
,,,,,,,,,,,,,,E
,,,,,,,,,,,,,,E
,,,,,,,,,,,,,,E
,,,,,,,,,,,,,,E
,,,,,,,,,,,,,,
,,,,,,,,,,,,,,
,,,,,,,,,,,,,,
,,,,,,,,,,,,,,
,,,,,,,,,,,,,,E
,,,,,,,,,,,,,,E
,,,,,,,,,,,,,,
,,,,,,,,,,,,,,E
,,,,,,,,,,,,,,E
,,,,,,,,,,,,,,E
,,,,,,,,,,,,,,E
,,,,,,,,,H,,,,,E
,,,,,,,,,,,,,,E
,,,,,,,,,H,,,,,E
,,,,,,,,,,,,,,E
,,,,,,,,,,,,,,E
,,,,,,,,,H,,,,,E
,,,,,,,,,,,,,,
,,,,,,,,,,,,,,E
,,,,,,,,,,,,,,
,,,,,,,,,,,,,,E
,,,,,,,,,,,,,,E
,,,,,,,,,,,,,,E
,,,,,,,,,,,,,,
,,,,,,,,,,,,,,
,,,,,,,,,,,,,,E
,,,,,,,,,,,,,,
,,,,,,,,,,,,,,E
,,,,,,,,,,,,,,E
,,,,,,,,,,,,,,E
,,,,,,,,,,,,,,E
,,,,,,,,,,,,,,E
,,,,,,,,,,,,,,
,,,,,,,,,,,,,,E
,,,,,,,,,,,,,,E
,,,,,,,,,,,,,,
,,,,,,,,,,,,,,E
,,,,,,,,,H,,,,,E
,,,,,,,,,,,,,,E
,,,,,,,,,,,,,,E
,,,,,,,,,,,,,,E
,,,,,,,,,H,,,,,E
,,,,,,,,,,,,,,E
,,,,,,,,,,,,,,E
,,,,,,,,,,,,,,E
,,,,,,,,,,,,,,
,,,,,,,,,,,,,,E
,,,,,,,,,,,,,,E
,,,,,,,,,,,,,,
,,,,,,,,,,,,,,
,,,,,,,,,,,,,,
,,,,,,,,,,,,,,E
,,,,,,,,,,,,,,E
,,,,,,,,,,,,,,E
,,,,,,,,,,,,,L,E
,,,,,,,,,,,,,L,E
,,,,,,,,,,,,,,E
,,,,,,,,,H,,,,,E
,,,,,,,,,H,,,,,E
,,,,,,,,,,,,,,E
,,,,,,,,,,,,,L,E
,,,,,,,,,,,,,L,E
,,,,,,,,,,,,,,E
,,,,,,,,,,,,,,
,,,,,,,,,,,,,,E
,,,,,,,,,,,,,,E
,,,,,,,,,H,,,,,E
,,,,,,,,,H,,,,,E
,,,,,,,,,,,,,,
,,,,,,,,,,,,,,E
,,,,,,,,,,,,,,E
,,,,,,,,,,,,,,E
,,,,,,,,,,,,,,
,,,,,,,,,,,,,,
,,,,,,,,,H,,,,,E
,,,,,,,,,,,,,,E
,,,,,,,,,,,,,,E
,,,,,,,,,,,,,,E
,,,,,,,,,,,,,,E
,,,,,,,,,,,,,,E
,,,,,,,,,,,,,,E
,,,,,,,,,,,,,,
,,,,,,,,,,,,,,
,,,,,,,,,,,,,,E
,,,,,,,,,,,,,,E
,,,,,,,,,,,,,,
,,,,,,,,,,,,,,
,,,,,,,,,,,,,,E
,,,,,,,,,,,,,,E
,,,,,,,,,,,,,,E
,,,,,,,,,,,,,,E
,,,,,,,,,H,,,,,E
,,,,,,,,,,,,,,
,,,,,,,,,H,,,,,E
,,,,,,,,,H,,,,,E
,,,,,,,,,,,,,,E
,,,,,,,,,,,,,L,E
,,,,,,,,,,,,,,E
,,,,,,,,,,,,,,E
,,,,,,,,,,,,,,E
,,,,,,,,,H,,,,,E
,,,,,,,,,,,,,,
,,,,,,,,,,,,,L,E
,,,,,,,,,,,,,L,E
,,,,,,,,,,,,,L,E
,,,,,,,,,,,,,L,E
,,,,,,,,,H,,,,,E
,,,,,,,,,,,,,,E
,,,,,,,,,H,,,,,E
,,,,,,,,,H,,,,,E
,,,,,,,,,,,,,,E
,,,,,,,,,,,,,,E
,,,,,,,,,,,,,,E
,,,,,,,,,,,,,,
,,,,,,,,,,,,,,E
,,,,,,,,,,,,,,
,,,,,,,,,H,,,,,E
,,,,,,,,,,,,,,
,,,,,,,,,,,,,L,E
,,,,,,,,,,,,,L,E
,,,,,,,,,,,,,L,E
,,,,,,,,,,,,,,
,,,,,,,,,,,,,,E
,,,,,,,,,,,,,,
,,,,,,,,,H,,,,,E
,,,,,,,,,,,,,,E
,,,,,,,,,,,,,L,E
,,,,,,,,,,,,,,E
,,,,,,,,,H,,,,,E
,,,,,,,,,,,,,L,E
,,,,,,,,,H,,,,,E
,,,,,,,,,,,,,,E
,,,,,,,,,,,,,,E
,,,,,,,,,,,,,,E
,,,,,,,,,,,,,,
,,,,,,,,,,,,,,E
,,,,,,,,,H,,,,,E
,,,,,,,,,H,,,,,E
,,,,,,,,,,,,,L,E
,,,,,,,,,,,,,L,E
,,,,,,,,,,,,,L,E
,,,,,,,,,,,,,L,E
,,,,,,,,,,,,,L,E
,,,,,,,,,,,,,L,E
,,,,,,,,,,,,,L,E
,,,,,,,,,,,,,L,E
,,,,,,,,,H,,,,,E
,,,,,,,,,,,,,,E
,,,,,,,,,,,,,,
,,,,,,,,,,,,,,E
,,,,,,,,,,,,,,E
,,,,,,,,,,,,,,I
,,,,,,,,,,,,,L,E
,,,,,,,,,,,,,L,E
,,,,,,,,,,,,,L,E
,,,,,,,,,,,,,L,E
,,,,,,,,,,,,,L,E
,,,,,,,,,,,,,L,E
,,,,,,,,,,,,,,
,,,,,,,,,,,,,,
,,,,,,,,,,,,,L,E
,,,,,,,,,,,,,L,E
,,,,,,,,,,,,,L,E
,,,,,,,,,,,,,L,E
,,,,,,,,,,,,,L,E
,,,,,,,,,,,,,L,E
,,,,,,,,,,,,,,E
,,,,,,,,,,,,,,
,,,,,,,,,,,,,,
,,,,,,,,,,,,,L,E
,,,,,,,,,,,,,,E
,,,,,,,,,,,,,,E
,,,,,,,,,,,,,,E
,,,,,,,,,,,,,L,E
,,,,,,,,,,,,,L,E
,,,,,,,,,,,,,L,E
,,,,,,,,,,,,,L,E
,,,,,,,,,H,,,,,E
,,,,,,,,,,,,,,E
,,,,,,,,,,,,,,E
,,,,,,,,,,,,,,E
,,,,,,,,,,,,,,I
,,,,,,,,,,,,,L,E
,,,,,,,,,,,,,L,E
,,,,,,,,,,,,,L,E
,,,,,,,,,,,,,L,E
,,,,,,,,,,,,,L,E
,,,,,,,,,,,,,,E
,,,,,,,,,H,,,,,E
,,,,,,,,,H,,,,,E
,,,,,,,,,,,,,,E
,,,,,,,,,,,,,,E
,,,,,,,,,H,,,,,E
,,,,,,,,,,,,,,E
,,,,,,,,,,,,,,E
,,,,,,,,,,,,,,E
,,,,,,,,,,,,,,E
,,,,,,,,,,,,,,E
,,,,,,,,,,,,,,E
,,,,,,,,,,,,,,E
,,,,,,,,,,,,,,E
,,,,,,,,,,,,,,E
,,,,,,,,,,,,,,I
,,,,,,,,,,,,,,
,,,,,,,,,H,,,,,E
,,,,,,,,,,,,,,E
,,,,,,,,,,,,,,
,,,,,,,,,,,,,,E
,,,,,,,,,H,,,,,E
,,,,,,,,,,,,,,I
,,,,,,,,,,,,,,
,,,,,,,,,,,,,,
,,,,,,,,,H,,,,,E
,,,,,,,,,H,,,,,I
,,,,,,,,,H,,,,,I
,,,,,,,,,H,,,,,E
,,,,,,,,,,,,,,
,,,,,,,,,,,,,,E
,,,,,,,,,,,,,,
,,,,,,,,,,,,,,E
,,,,,,,,,,,,,,
,,,,,,,,,H,,,,,E
,,,,,,,,,,,,,,E
,,,,,,,,,,,,,,
,,,,,,,,,,,,,,I
,,,,,,,,,,,,,,E
,,,,,,,,,,,,,,E
,,,,,,,,,,,,,,
,,,,,,,,,,,,,,I
,,,,,,,,,,,,,,I
,,,,,,,,,,,,,,E
,,,,,,,,,,,,,,E
,,,,,,,,,,,,,,I
,,,,,,,,,H,,,,,I
,,,,,,,,,H,,,,,I
,,,,,,,,,H,,,,,I
,,,,,,,,,H,,,,,I
,,,,,,,,,H,,,,,I
,,,,,,,,,H,,,,,I
,,,,,,,,,H,,,,,I
,,,,,,,,,H,,,,,I
,,,,,,,,,H,,,,,I
,,,,,,,,,H,,,,,I
,,,,,,,,,H,,,,,I
,,,,,,,,,H,,,,,I
,,,,,,,,,H,,,,,I
,,,,,,,,,H,,,,,I
,,,,,,,,,H,,,,,E
,,,,,,,,,,,,,,E
,,,,,,,,,,,,,,E
,,,,,,,,,,,,,,E
,,,,,,,,,H,,,,,E
,,,,,,,,,,,,,L,E
,,,,,,,,,,,,,,
,,,,,,,,,,,,,,
,,,,,,,,,,,,,,E
,,,,,,,,,,,,,,A
,,,,,,,,,,,,,,I
,,,,,,,,,,,,,,I
,,,,,,,,,,,,,,E
,,,,,,,,,H,,,,,E
,,,,,,,,,,,,,,I
,,,,,,,,,H,,,,,E
,,,,,,,,,H,,,,,E
,,,,,,,,,H,,,,,E
,,,,,,,,,,,,,,E
,,,,,,,,,,,,,,E
,,,,,,,,,,,,,,I
,,,,,,,,,,,,,,I
,,,,,,,,,,,,,,
,,,,,,,,,,,,,,I
,,,,,,,,,H,,,,,E
,,,,,,,,,,,,,,I
,,,,,,,,,,,,,,E
,,,,,,,,,,,,,L,E
,,,,,,,,,,,,,L,E
,,,,,,,,,,,,,,I
,,,,,,,,,,,,,L,E
,,,,,,,,,,,,,L,E
,,,,,,,,,,,,,L,E
,,,,,,,,,,,,,,
,,,,,,,,,,,,,,
,,,,,,,,,,,,,,E
,,,,,,,,,,,,,,E
,,,,,,,,,,,,,,E
,,,,,,,,,,,,,,E
,,,,,,,,,,,,,,I
,,,,,,,,,,,,,,I
,,,,,,,,,,,,,L,E
,,,,,,,,,,,,,,I
,,,,,,,,,H,,,,,E
,,,,,,,,,,,,,,I
,,,,,,,,,H,,,,,E
,,,,,,,,,,,,,L,E
,,,,,,,,,,,,,,E
,,,,,,,,,H,,,,,E
,,,,,,,,,,,,,,I
,,,,,,,,,,,,,,I
,,,,,,,,,H,,,,,E
,,,,,,,,,H,,,,,E
,,,,,,,,,,,,,,
,,,,,,,,,H,,,,,I
,,,,,,,,,,,,,,I
,,,,,,,,,,,,,,I
,,,,,,,,,,,,,,I
,,,,,,,,,,,,,,I
,,,,,,,,,,,,,,I
,,,,,,,,,,,,,,E
,,,,,,,,,,,,,,E
,,,,,,,,,,,,,,E
,,,,,,,,,,,,,,
,,,,,,,,,,,,,L,I
,,,,,,,,,,,,,L,I
,,,,,,,,,,,,,,E
,,,,,,,,,,,,,,E
,,,,,,,,,,,,,,
,,,,,,,,,,,,,,E
,,,,,,,,,,,,,,E
,,,,,,,,,,,,,,I
,,,,,,,,,,,,,,E
,,,,,,,,,,,,,,I
,,,,,,,,,,,,,,I
,,,,,,,,,,,,,,I
,,,,,,,,,,,,,,E
,,,,,,,,,,,,,,E
,,,,,,,,,,,,,L,E
,,,,,,,,,,,,,,I
,,,,,,,,,,,,,,
,,,,,,,,,,,,,,E
,,,,,,,,,,,,,,
,,,,,,,,,H,,,,,E
,,,,,,,,,,,,,L,E
,,,,,,,,,H,,,,,E
,,,,,,,,,,,,,,
,,,,,,,,,,,,,,E
,,,,,,,,,,,,,,E
,,,,,,,,,,,,,,E
,,,,,,,,,,,,,,E
,,,,,,,,,,,,,,E
,,,,,,,,,,,,,,E
,,,,,,,,,,,,,,E
,,,,,,,,,,,,,,E
,,,,,,,,,,,,,,
,,,,,,,,,,,,,,E
,,,,,,,,,,,,,,E
,,,,,,,,,H,,,,,I
,,,,,,,,,,,,,,I
,,,,,,,,,,,,,,E
,,,,,,,,,,,,,,I
,,,,,,,,,,,,,,
,,,,,,,,,,,,,,I
,,,,,,,,,,,,,,
,,,,,,,,,,,,,L,E
,,,,,,,,,,,,,L,E
,,,,,,,,,H,,,,,I
,,,,,,,,,H,,,,,I
,,,,,,,,,,,,,,I
,,,,,,,,,H,,,,,I
,,,,,,,,,,,,,,E
,,,,,,,,,H,,,,,I
,,,,,,,,,,,,,,I
,,,,,,,,,,,,,,I
,,,,,,,,,H,,,,,E
,,,,,,,,,,,,,,E
,,,,,,,,,,,,,,
,,,,,,,,,,,,,,E
,,,,,,,,,H,,,,,E
,,,,,,,,,,,,,,E
,,,,,,,,,,,,,,
,,,,,,,,,H,,,,,E
,,,,,,,,,,,,,,E
,,,,,,,,,,,,,,E
,,,,,,,,,,,,,,I
,,,,,,,,,H,,,,,E
,,,,,,,,,H,,,,,E
,,,,,,,,,,,,,,I
,,,,,,,,,,,,,,E
,,,,,,,,,,,,,,
,,,,,,,,,H,,,,,I
,,,,,,,,,,,,,,
,,,,,,,,,,,,,,I
,,,,,,,,,,,,,,E
,,,,,,,,,H,,,,,E
,,,,,,,,,H,,,,,E
,,,,,,,,,,,,,,E
,,,,,,,,,,,,,L,E
,,,,,,,,,,,,,,E
,,,,,,,,,,,,,L,E
,,,,,,,,,,,,,,E
,,,,,,,,,H,,,,,I
,,,,,,,,,H,,,,,I
,,,,,,,,,,,,,,E
,,,,,,,,,,,,,,E
,,,,,,,,,,,,,,E
,,,,,,,,,,,,,,I
,,,,,,,,,,,,,,E
,,,,,,,,,H,,,,,E
,,,,,,,,,,,,,L,E
,,,,,,,,,H,,,,,E
,,,,,,,,,,,,,,E
,,,,,,,,,,,,,,I
,,,,,,,,,,,,,,
,,,,,,,,,,,,,,I
,,,,,,,,,,,,,,I
,,,,,,,,,,,,,,I
,,,,,,,,,,,,,,I
,,,,,,,,,,,,,,I
,,,,,,,,,H,,,,,I
,,,,,,,,,,,,,,E
,,,,,,,,,,,,,,
,,,,,,,,,,,,,,
,,,,,,,,,,,,,,
,,,,,,,,,,,,,,
,,,,,,,,,,,,,L,I
,,,,,,,,,,,,,,I
,,,,,,,,,,,,,,
,,,,,,,,,,,,,,I
,,,,,,,,,,,,,,
,,,,,,,,,,,,,L,I
,,,,,,,,,,,,,L,I
,,,,,,,,,,,,,,E
,,,,,,,,,H,,,,,A
,,,,,,,,,,,,,,
,,,,,,,,,,,,,,
,,,,,,,,,,,,,L,A
,,,,,,,,,,,,,,I
,,,,,,,,,,,,,,E
,,,,,,,,,,,,,,
,,,,,,,,,,,,,,
,,,,,,,,,,,,,,E
,,,,,,,,,,,,,,I
,,,,,,,,,H,,,,,A
,,,,,,,,,,,,,,A
,,,,,,,,,,,,,,I
,,,,,,,,,,,,,,E
,,,,,,,,,,,,,,E
,,,,,,,,,,,,,,E
,,,,,,,,,,,,,,I
,,,,,,,,,,,,,,I
,,,,,,,,,,,,,,I
,,,,,,,,,,,,,,I
,,,,,,,,,,,,,,
,,,,,,,,,,,,,,I
,,,,,,,,,,,,,,
,,,,,,,,,,,,,L,I
,,,,,,,,,,,,,,E
,,,,,,,,,,,,,,
,,,,,,,,,,,,,,
,,,,,,,,,H,,,,,I
,,,,,,,,,,,,,,E
,,,,,,,,,,,,,,I
,,,,,,,,,,,,,,I
,,,,,,,,,H,,,,,E
,,,,,,,,,H,,,,,E
,,,,,,,,,,,,,,
,,,,,,,,,,,,,,E
,,,,,,,,,,,,,,I
,,,,,,,,,,,,,,
,,,,,,,,,,,,,,
,,,,,,,,,,,,,L,E
,,,,,,,,,,,,,,E
,,,,,,,,,,,,,,E
,,,,,,,,,,,,,,I
,,,,,,,,,,,,,,
,,,,,,,,,,,,,,
,,,,,,,,,,,,,,E
,,,,,,,,,,,,,,I
,,,,,,,,,,,,,,
,,,,,,,,,,,,,,I
,,,,,,,,,,,,,L,E
,,,,,,,,,,,,,L,E
,,,,,,,,,,,,,,E
,,,,,,,,,,,,,,I
,,,,,,,,,,,,,L,E
,,,,,,,,,H,,,,,E
,,,,,,,,,,,,,,E
,,,,,,,,,H,,,,,E
,,,,,,,,,,,,,,E
,,,,,,,,,,,,,,E
,,,,,,,,,,,,,,I
,,,,,,,,,,,,,,E
,,,,,,,,,,,,,,E
,,,,,,,,,H,,,,,E
,,,,,,,,,,,,,,E
,,,,,,,,,,,,,L,E
,,,,,,,,,,,,,L,E
,,,,,,,,,,,,,,E
,,,,,,,,,H,,,,,I
,,,,,,,,,H,,,,,I
,,,,,,,,,H,,,,,I
,,,,,,,,,H,,,,,I
,,,,,,,,,,,,,,E
,,,,,,,,,,,,,,E
,,,,,,,,,,,,,,I
,,,,,,,,,,,,,,
,,,,,,,,,,,,,,
,,,,,,,,,,,,,,
,,,,,,,,,,,,,,E
,,,,,,,,,,,,,,
,,,,,,,,,,,,,,E
,,,,,,,,,,,,,,I
,,,,,,,,,,,,,,E
,,,,,,,,,,,,,,I
,,,,,,,,,H,,,,,E
,,,,,,,,,H,,,,,E
,,,,,,,,,,,,,,
,,,,,,,,,,,,,,
,,,,,,,,,,,,,L,I
,,,,,,,,,,,,,,E
,,,,,,,,,H,,,,,I
,,,,,,,,,,,,,,I
,,,,,,,,,H,,,,,E
,,,,,,,,,,,,,,
,,,,,,,,,H,,,,,E
,,,,,,,,,,,,,L,I
,,,,,,,,,H,,,,,E
,,,,,,,,,H,,,,,E
,,,,,,,,,H,,,,,I
,,,,,,,,,,,,,,E
,,,,,,,,,,,,,,
,,,,,,,,,H,,,,,E
,,,,,,,,,,,,,,E
,,,,,,,,,H,,,,,E
,,,,,,,,,H,,,,,E
,,,,,,,,,H,,,,,I
,,,,,,,,,H,,,,,E
,,,,,,,,,H,,,,,E
,,,,,,,,,,,,,,E
,,,,,,,,,,,,,,E
,,,,,,,,,,,,,,E
,,,,,,,,,H,,,,,I
,,,,,,,,,H,,,,,I
,,,,,,,,,H,,,,,I
,,,,,,,,,H,,,,,I
,,,,,,,,,H,,,,,I
,,,,,,,,,,,,,L,E
,,,,,,,,,,,,,L,E
,,,,,,,,,,,,,,E
,,,,,,,,,,,,,L,E
,,,,,,,,,,,,,L,E
,,,,,,,,,,,,,,I
,,,,,,,,,,,,,,I
,,,,,,,,,,,,,,E
,,,,,,,,,,,,,,E
,,,,,,,,,,,,,L,E
,,,,,,,,,,,,,,I
,,,,,,,,,,,,,,E
,,,,,,,,,,,,,,
,,,,,,,,,,,,,,I
,,,,,,,,,,,,,,I
,,,,,,,,,,,,,,I
,,,,,,,,,H,,,,,E
,,,,,,,,,,,,,,
,,,,,,,,,,,,,,
,,,,,,,,,H,,,,,E
,,,,,,,,,,,,,,
,,,,,,,,,,,,,,E
,,,,,,,,,,,,,,E
,,,,,,,,,,,,,,
,,,,,,,,,,,,,,I
,,,,,,,,,,,,,,I
,,,,,,,,,H,,,,,E
,,,,,,,,,,,,,,E
,,,,,,,,,,,,,,I
,,,,,,,,,,,,,,E
,,,,,,,,,,,,,,I
,,,,,,,,,,,,,,
,,,,,,,,,H,,,,,I
,,,,,,,,,,,,,,E
,,,,,,,,,,,,,L,I
,,,,,,,,,,,,,,E
,,,,,,,,,,,,,,
,,,,,,,,,,,,,,E
,,,,,,,,,,,,,,
,,,,,,,,,H,,,,,E
,,,,,,,,,,,,,,
,,,,,,,,,,,,,L,I
,,,,,,,,,,,,,L,I
,,,,,,,,,,,,,,I
,,,,,,,,,,,,,,
,,,,,,,,,,,,,L,I
,,,,,,,,,H,,,,,E
,,,,,,,,,,,,,,
,,,,,,,,,,,,,,
,,,,,,,,,,,,,,E
,,,,,,,,,H,,,,,E
,,,,,,,,,,,,,,E
,,,,,,,,,,,,,L,I
,,,,,,,,,,,,,L,I
,,,,,,,,,H,,,,,E
,,,,,,,,,,,,,,I
,,,,,,,,,,,,,,
,,,,,,,,,,,,,,I
,,,,,,,,,,,,,,E
,,,,,,,,,,,,,L,I
,,,,,,,,,,,,,L,E
,,,,,,,,,,,,,L,E
,,,,,,,,,,,,,,E
,,,,,,,,,,,,,,I
,,,,,,,,,H,,,,,E
,,,,,,,,,,,,,,E
,,,,,,,,,,,,,,E
,,,,,,,,,,,,,,
,,,,,,,,,H,,,,,E
,,,,,,,,,,,,,,E
,,,,,,,,,H,,,,,I
,,,,,,,,,,,,,,I
,,,,,,,,,H,,,,,I
,,,,,,,,,,,,,L,E
,,,,,,,,,,,,,,
,,,,,,,,,,,,,,
,,,,,,,,,,,,,L,I
,,,,,,,,,H,,,,,I
,,,,,,,,,,,,,,I
,,,,,,,,,,,,,,E
,,,,,,,,,,,,,,I
,,,,,,,,,,,,,,
,,,,,,,,,,,,,,E
,,,,,,,,,,,,,,I
,,,,,,,,,,,,,,I
,,,,,,,,,,,,,,E
,,,,,,,,,H,,,,,E
,,,,,,,,,,,,,,I
,,,,,,,,,,,,,,E
,,,,,,,,,H,,,,,I
,,,,,,,,,,,,,,I
,,,,,,,,,H,,,,,E
,,,,,,,,,,,,,,
,,,,,,,,,H,,,,,E
,,,,,,,,,H,,,,,E
,,,,,,,,,,,,,,I
,,,,,,,,,,,,,,I
,,,,,,,,,,,,,,I
,,,,,,,,,,,,,,I
,,,,,,,,,,,,,,I
,,,,,,,,,,,,,,I
,,,,,,,,,H,,,,,I
,,,,,,,,,,,,,,I
,,,,,,,,,,,,,L,E
,,,,,,,,,,,,,L,E
,,,,,,,,,,,,,L,E
,,,,,,,,,,,,,,I
,,,,,,,,,H,,,,,E
,,,,,,,,,H,,,,,E
,,,,,,,,,,,,,,
,,,,,,,,,,,,,L,E
,,,,,,,,,,,,,,
,,,,,,,,,,,,,L,I
,,,,,,,,,,,,,,E
,,,,,,,,,,,,,L,I
,,,,,,,,,,,,,,I
,,,,,,,,,H,,,,,E
,,,,,,,,,H,,,,,E
,,,,,,,,,H,,,,,E
,,,,,,,,,H,,,,,E
,,,,,,,,,,,,,,
,,,,,,,,,,,,,,
,,,,,,,,,,,,,L,I
,,,,,,,,,,,,,,I
,,,,,,,,,,,,,L,I
,,,,,,,,,,,,,,E
,,,,,,,,,,,,,,E
,,,,,,,,,,,,,,E
,,,,,,,,,,,,,,I
,,,,,,,,,,,,,,E
,,,,,,,,,H,,,,,E
,,,,,,,,,,,,,,
,,,,,,,,,H,,,,,E
,,,,,,,,,H,,,,,E
,,,,,,,,,H,,,,,E
,,,,,,,,,,,,,,E
,,,,,,,,,H,,,,,E
,,,,,,,,,,,,,,
,,,,,,,,,,,,,,
,,,,,,,,,,,,,,I
,,,,,,,,,,,,,L,E
,,,,,,,,,,,,,,
,,,,,,,,,H,,,,,A
,,,,,,,,,,,,,,E
,,,,,,,,,,,,,,E
,,,,,,,,,,,,,,E
,,,,,,,,,,,,,,E
,,,,,,,,,,,,,,
,,,,,,,,,,,,,L,I
,,,,,,,,,,,,,L,I
,,,,,,,,,,,,,L,I
,,,,,,,,,,,,,L,I
,,,,,,,,,,,,,L,I
,,,,,,,,,,,,,L,I
,,,,,,,,,H,,,,,I
,,,,,,,,,H,,,,,I
,,,,,,,,,H,,,,,I
,,,,,,,,,,,,,,I
,,,,,,,,,H,,,,,I
,,,,,,,,,H,,,,,I
,,,,,,,,,H,,,,,I
,,,,,,,,,,,,,,A
,,,,,,,,,H,,,,,I
,,,,,,,,,,,,,,A
,,,,,,,,,,,,,L,I
,,,,,,,,,,,,,L,I
,,,,,,,,,,,,,,E
,,,,,,,,,H,,,,,E
,,,,,,,,,H,,,,,E
,,,,,,,,,H,,,,,E
,,,,,,,,,,,,,,
,,,,,,,,,,,,,,
,,,,,,,,,,,,,,
,,,,,,,,,,,,,,
,,,,,,,,,,,,,,
,,,,,,,,,,,,,,
,,,,,,,,,H,,,,,E
,,,,,,,,,H,,,,,E
,,,,,,,,,H,,,,,E
,,,,,,,,,H,,,,,E
,,,,,,,,,H,,,,,E
,,,,,,,,,H,,,,,E
,,,,,,,,,H,,,,,E
,,,,,,,,,,,,,,I
,,,,,,,,,,,,,,E
,,,,,,,,,,,,,,I
,,,,,,,,,,,,,,
,,,,,,,,,,,,,,
,,,,,,,,,,,,,,I
,,,,,,,,,,,,,,I
,,,,,,,,,,,,,,
,,,,,,,,,,,,,,E
,,,,,,,,,,,,,,E
,,,,,,,,,,,,,,I
,,,,,,,,,,,,,,
,,,,,,,,,,,,,,I
,,,,,,,,,,,,,,
,,,,,,,,,,,,,,
,,,,,,,,,,,,,,
,,,,,,,,,,,,,,
,,,,,,,,,,,,,,I
,,,,,,,,,,,,,,
,,,,,,,,,,,,,,
,,,,,,,,,,,,,,
,,,,,,,,,,,,,,I
,,,,,,,,,,,,,,
,,,,,,,,,,,,,,
,,,,,,,,,,,,,,
,,,,,,,,,,,,,,
,,,,,,,,,,,,,,
,,,,,,,,,,,,,,A
,,,,,,,,,,,,,,I
,,,,,,,,,,,,,,
,,,,,,,,,,,,,,
,,,,,,,,,,,,,,
,,,,,,,,,,,,,,I
,,,,,,,,,,,,,,
,,,,,,,,,,,,,,
,,,,,,,,,,,,,,I
,,,,,,,,,,,,,,I
,,,,,,,,,,,,,,
,,,,,,,,,,,,,,I
,,,,,,,,,,,,,,
,,,,,,,,,,,,,,
,,,,,,,,,,,,,,I
,,,,,,,,,H,,,,,I
,,,,,,,,,H,,,,,I
,,,,,,,,,H,,,,,I
,,,,,,,,,H,,,,,I
,,,,,,,,,,,,,,
,,,,,,,,,,,,,,I
,,,,,,,,,,,,,,
,,,,,,,,,H,,,,,I
,,,,,,,,,,,,,,I
,,,,,,,,,,,,,,
,,,,,,,,,,,,,,
,,,,,,,,,,,,,,I
,,,,,,,,,,,,,,I
,,,,,,,,,,,,,,I
,,,,,,,,,,,,,,I
,,,,,,,,,,,,,,
,,,,,,,,,,,,,,
,,,,,,,,,,,,,,
,,,,,,,,,,,,,,
,,,,,,,,,,,,,,I
,,,,,,,,,,,,,,E
,,,,,,,,,,,,,,I
,,,,,,,,,,,,,,
,,,,,,,,,H,,,,,I
,,,,,,,,,,,,,,I
,,,,,,,,,H,,,,,E
,,,,,,,,,,,,,,
,,,,,,,,,H,,,,,A
,,,,,,,,,,,,,,I
,,,,,,,,,,,,,,I
,,,,,,,,,,,,,,
,,,,,,,,,,,,,,A
,,,,,,,,,,,,,,I
,,,,,,,,,,,,,,I
,,,,,,,,,,,,,,
,,,,,,,,,,,,,,
,,,,,,,,,,,,,L,A
,,,,,,,,,,,,,,I
,,,,,,,,,H,,,,,I
,,,,,,,,,,,,,L,A
,,,,,,,,,,,,,,
,,,,,,,,,,,,,,
,,,,,,,,,,,,,,A
,,,,,,,,,,,,,,I
,,,,,,,,,,,,,,A
,,,,,,,,,,,,,,I
,,,,,,,,,,,,,,I
,,,,,,,,,,,,,,
,,,,,,,,,,,,,,I
,,,,,,,,,,,,,,I
,,,,,,,,,,,,,,
,,,,,,,,,,,,,,I
,,,,,,,,,,,,,,I
,,,,,,,,,,,,,,I
,,,,,,,,,,,,,,I
,,,,,,,,,,,,,,
,,,,,,,,,,,,,L,I
,,,,,,,,,,,,,L,I
,,,,,,,,,,,,,L,I
,,,,,,,,,,,,,,I
,,,,,,,,,,,,,,E
,,,,,,,,,,,,,,E
,,,,,,,,,,,,,,I
,,,,,,,,,H,,,,,I
,,,,,,,,,H,,,,,I
,,,,,,,,,H,,,,,I
,,,,,,,,,H,,,,,A
,,,,,,,,,,,,,,I
,,,,,,,,,,,,,,I
,,,,,,,,,,,,,,
,,,,,,,,,H,,,,,I
,,,,,,,,,,,,,,
,,,,,,,,,,,,,,I
,,,,,,,,,,,,,,I
,,,,,,,,,,,,,,E
,,,,,,,,,,,,,,E
,,,,,,,,,,,,,,E
,,,,,,,,,,,,,,E
,,,,,,,,,,,,,,I
,,,,,,,,,,,,,,I
,,,,,,,,,,,,,,I
,,,,,,,,,,,,,,I
,,,,,,,,,,,,,,I
,,,,,,,,,,,,,,I
,,,,,,,,,,,,,,
,,,,,,,,,H,,,,,A
,,,,,,,,,,,,,,I
,,,,,,,,,,,,,,
,,,,,,,,,,,,,,I
,,,,,,,,,,,,,,
,,,,,,,,,,,,,,
,,,,,,,,,,,,,,
,,,,,,,,,,,,,,I
,,,,,,,,,,,,,,I
,,,,,,,,,,,,,,I
,,,,,,,,,,,,,,
,,,,,,,,,,,,,,
,,,,,,,,,,,,,,I
,,,,,,,,,,,,,,I
,,,,,,,,,,,,,,
,,,,,,,,,,,,,,I
,,,,,,,,,,,,,,A
,,,,,,,,,,,,,,I
,,,,,,,,,,,,,,I
,,,,,,,,,,,,,,I
,,,,,,,,,H,,,,,I
,,,,,,,,,,,,,,
,,,,,,,,,,,,,,I
,,,,,,,,,,,,,,
,,,,,,,,,,,,,,I
,,,,,,,,,,,,,,I
,,,,,,,,,H,,,,,I
,,,,,,,,,,,,,,
,,,,,,,,,,,,,,I
,,,,,,,,,,,,,,A
,,,,,,,,,,,,,,I
,,,,,,,,,,,,,,
,,,,,,,,,H,,,,,I
,,,,,,,,,H,,,,,I
,,,,,,,,,,,,,,
,,,,,,,,,,,,,,
,,,,,,,,,,,,,,
,,,,,,,,,,,,,,I
,,,,,,,,,,,,,,A
,,,,,,,,,H,,,,,I
,,,,,,,,,,,,,,E
,,,,,,,,,H,,,,,I
,,,,,,,,,H,,,,,I
,,,,,,,,,,,,,L,I
,,,,,,,,,,,,,,I
,,,,,,,,,,,,,,
,,,,,,,,,H,,,,,I
,,,,,,,,,,,,,,
,,,,,,,,,H,,,,,I
,,,,,,,,,H,,,,,I
,,,,,,,,,,,,,,A
,,,,,,,,,,,,,,A
,,,,,,,,,,,,,,
,,,,,,,,,,,,,,E
,,,,,,,,,,,,,,I
,,,,,,,,,,,,,,I
,,,,,,,,,,,,,,I
,,,,,,,,,,,,,,I
,,,,,,,,,,,,,,I
,,,,,,,,,,,,,,A
,,,,,,,,,,,,,,
,,,,,,,,,,,,,,
,,,,,,,,,,,,,,
,,,,,,,,,,,,,,I
,,,,,,,,,,,,,,I
,,,,,,,,,,,,,,I
,,,,,,,,,,,,,,I
,,,,,,,,,H,,,,,I
,,,,,,,,,H,,,,,I
,,,,,,,,,H,,,,,I
,,,,,,,,,,,,,,I
,,,,,,,,,,,,,,
,,,,,,,,,,,,,,A
,,,,,,,,,,,,,,
,,,,,,,,,,,,,,
,,,,,,,,,,,,,,E
,,,,,,,,,,,,,,A
,,,,,,,,,,,,,,
,,,,,,,,,,,,,,I
,,,,,,,,,,,,,,
,,,,,,,,,,,,,,
,,,,,,,,,,,,,,
,,,,,,,,,,,,,,I
,,,,,,,,,,,,,,A
,,,,,,,,,,,,,,I
,,,,,,,,,,,,,,E
,,,,,,,,,,,,,,A
,,,,,,,,,,,,,,I
,,,,,,,,,,,,,,
,,,,,,,,,,,,,,A
,,,,,,,,,,,,,,I
,,,,,,,,,,,,,,I
,,,,,,,,,,,,,,A
,,,,,,,,,,,,,,A
,,,,,,,,,,,,,,A
,,,,,,,,,,,,,,E
,,,,,,,,,,,,,,
,,,,,,,,,,,,,,I
,,,,,,,,,,,,,,
,,,,,,,,,,,,,,
,,,,,,,,,,,,,,I
,,,,,,,,,,,,,,I
,,,,,,,,,H,,,,,I
,,,,,,,,,H,,,,,I
,,,,,,,,,H,,,,,I
,,,,,,,,,H,,,,,I
,,,,,,,,,H,,,,,I
,,,,,,,,,,,,,,
,,,,,,,,,,,,,,A
,,,,,,,,,,,,,,I
,,,,,,,,,,,,,,
,,,,,,,,,,,,,,A
,,,,,,,,,,,,,,
,,,,,,,,,,,,,,
,,,,,,,,,H,,,,,I
,,,,,,,,,,,,,,I
,,,,,,,,,,,,,,
,,,,,,,,,,,,,,I
,,,,,,,,,,,,,,
,,,,,,,,,,,,,,I
,,,,,,,,,,,,,,I
,,,,,,,,,,,,,,I
,,,,,,,,,,,,,,
,,,,,,,,,H,,,,,I
,,,,,,,,,,,,,,I
,,,,,,,,,,,,,,
,,,,,,,,,,,,,,A
,,,,,,,,,,,,,,
,,,,,,,,,,,,,,I
,,,,,,,,,,,,,,I
,,,,,,,,,,,,,,I
,,,,,,,,,,,,,,
,,,,,,,,,,,,,,
,,,,,,,,,H,,,,,A
,,,,,,,,,,,,,,
,,,,,,,,,,,,,,I
,,,,,,,,,,,,,,I
,,,,,,,,,,,,,,
,,,,,,,,,,,,,,I
,,,,,,,,,,,,,,
,,,,,,,,,,,,,,
,,,,,,,,,H,,,,,I
,,,,,,,,,,,,,,
,,,,,,,,,H,,,,,I
,,,,,,,,,H,,,,,I
,,,,,,,,,,,,,,I
,,,,,,,,,,,,,L,I
,,,,,,,,,,,,,,
,,,,,,,,,,,,,L,I
,,,,,,,,,H,,,,,I
,,,,,,,,,,,,,,
,,,,,,,,,H,,,,,I
,,,,,,,,,H,,,,,I
,,,,,,,,,H,,,,,I
,,,,,,,,,,,,,,
,,,,,,,,,,,,,,
,,,,,,,,,H,,,,,I
,,,,,,,,,,,,,,
,,,,,,,,,H,,,,,I
,,,,,,,,,H,,,,,I
,,,,,,,,,,,,,,A
,,,,,,,,,,,,,,
,,,,,,,,,,,,,,A
,,,,,,,,,,,,,,
,,,,,,,,,,,,,,
,,,,,,,,,,,,,L,I
,,,,,,,,,,,,,,A
,,,,,,,,,,,,,,I
,,,,,,,,,,,,,,A
,,,,,,,,,,,,,,I
,,,,,,,,,,,,,,I
,,,,,,,,,,,,,,
,,,,,,,,,,,,,,A
,,,,,,,,,,,,,,I
,,,,,,,,,,,,,,I
,,,,,,,,,,,,,,I
,,,,,,,,,,,,,,
,,,,,,,,,,,,,,
,,,,,,,,,,,,,,
,,,,,,,,,,,,,,
,,,,,,,,,H,,,,,I
,,,,,,,,,H,,,,,I
,,,,,,,,,H,,,,,I
,,,,,,,,,H,,,,,I
,,,,,,,,,H,,,,,I
,,,,,,,,,,,,,L,I
,,,,,,,,,,,,,,A
,,,,,,,,,,,,,,I
,,,,,,,,,,,,,,I
,,,,,,,,,,,,,,
,,,,,,,,,,,,,L,I
,,,,,,,,,,,,,,A
,,,,,,,,,,,,,,E
,,,,,,,,,,,,,,I
,,,,,,,,,H,,,,,A
,,,,,,,,,H,,,,,A
,,,,,,,,,,,,,,I
,,,,,,,,,,,,,,I
,,,,,,,,,,,,,,I
,,,,,,,,,,,,,L,A
,,,,,,,,,,,,,,
,,,,,,,,,,,,,,
,,,,,,,,,,,,,,
,,,,,,,,,,,,,,
,,,,,,,,,,,,,L,A
,,,,,,,,,,,,,,A
,,,,,,,,,,,,,,A
,,,,,,,,,,,,,,A
,,,,,,,,,,,,,,A
,,,,,,,,,,,,,,
,,,,,,,,,,,,,,
,,,,,,,,,,,,,L,A
,,,,,,,,,,,,,,
,,,,,,,,,H,,,,,I
,,,,,,,,,,,,,,
,,,,,,,,,,,,,,A
,,,,,,,,,,,,,L,A
,,,,,,,,,,,,,,I
,,,,,,,,,,,,,,
,,,,,,,,,H,,,,,I
,,,,,,,,,,,,,,
,,,,,,,,,,,,,,
,,,,,,,,,,,,,,I
,,,,,,,,,,,,,,E
,,,,,,,,,,,,,,
,,,,,,,,,,,,,,
,,,,,,,,,,,,,,
,,,,,,,,,,,,,,
,,,,,,,,,,,,,,I
,,,,,,,,,,,,,,I
,,,,,,,,,,,,,,I
,,,,,,,,,,,,,,
,,,,,,,,,,,,,,I
,,,,,,,,,,,,,L,A
,,,,,,,,,,,,,,I
,,,,,,,,,,,,,L,I
,,,,,,,,,H,,,,,I
,,,,,,,,,H,,,,,A
,,,,,,,,,,,,,,
,,,,,,,,,,,,,,
,,,,,,,,,,,,,,I
,,,,,,,,,,,,,,I
,,,,,,,,,,,,,,
,,,,,,,,,,,,,,I
,,,,,,,,,,,,,,I
,,,,,,,,,,,,,,I
,,,,,,,,,,,,,,A
,,,,,,,,,,,,,,
,,,,,,,,,,,,,,
,,,,,,,,,,,,,,I
,,,,,,,,,H,,,,,I
,,,,,,,,,,,,,,
,,,,,,,,,H,,,,,I
,,,,,,,,,,,,,L,A
,,,,,,,,,,,,,,
,,,,,,,,,,,,,,I
,,,,,,,,,,,,,,
,,,,,,,,,,,,,,I
,,,,,,,,,,,,,,I
,,,,,,,,,,,,,,
,,,,,,,,,,,,,,
,,,,,,,,,,,,,,
,,,,,,,,,,,,,,A
,,,,,,,,,,,,,,A
,,,,,,,,,H,,,,,A
,,,,,,,,,,,,,,I
,,,,,,,,,,,,,,A
,,,,,,,,,,,,,,I
,,,,,,,,,,,,,,A
,,,,,,,,,H,,,,,I
,,,,,,,,,,,,,,I
,,,,,,,,,,,,,,I
,,,,,,,,,,,,,,A
,,,,,,,,,,,,,,
,,,,,,,,,,,,,,I
,,,,,,,,,,,,,,I
,,,,,,,,,,,,,,I
,,,,,,,,,,,,,,
,,,,,,,,,H,,,,,I
,,,,,,,,,,,,,,
,,,,,,,,,,,,,,I
,,,,,,,,,,,,,,
,,,,,,,,,,,,,,
,,,,,,,,,,,,,,
,,,,,,,,,,,,,,
,,,,,,,,,,,,,,
,,,,,,,,,,,,,,
,,,,,,,,,H,,,,,I
,,,,,,,,,,,,,,
,,,,,,,,,,,,,,E
,,,,,,,,,H,,,,,A
,,,,,,,,,,,,,,I
,,,,,,,,,,,,,,I
,,,,,,,,,,,,,,E
,,,,,,,,,,,,,,I
,,,,,,,,,,,,,,I
,,,,,,,,,,,,,,
,,,,,,,,,,,,,,I
,,,,,,,,,,,,,,I
,,,,,,,,,,,,,,I
,,,,,,,,,,,,,,I
,,,,,,,,,,,,,,E
,,,,,,,,,,,,,,A
,,,,,,,,,,,,,,
,,,,,,,,,H,,,,,I
,,,,,,,,,,,,,,A
,,,,,,,,,,,,,,
,,,,,,,,,,,,,,
,,,,,,,,,,,,,,
,,,,,,,,,,,,,,
,,,,,,,,,,,,,,I
,,,,,,,,,,,,,,A
,,,,,,,,,,,,,,I
,,,,,,,,,,,,,,A
,,,,,,,,,,,,,,
,,,,,,,,,,,,,,I
,,,,,,,,,,,,,,I
,,,,,,,,,,,,,,I
,,,,,,,,,,,,,,I
,,,,,,,,,,,,,,I
,,,,,,,,,,,,,,
,,,,,,,,,,,,,,I
,,,,,,,,,,,,,,A
,,,,,,,,,,,,,,A
,,,,,,,,,,,,,,I
,,,,,,,,,,,,,,
,,,,,,,,,,,,,L,I
,,,,,,,,,,,,,,I
,,,,,,,,,,,,,,I
,,,,,,,,,,,,,,I
,,,,,,,,,,,,,,I
,,,,,,,,,,,,,,I
,,,,,,,,,,,,,,I
,,,,,,,,,,,,,,I
,,,,,,,,,,,,,,I
,,,,,,,,,,,,,,
,,,,,,,,,,,,,,
,,,,,,,,,,,,,,I
,,,,,,,,,,,,,,I
,,,,,,,,,,,,,,
,,,,,,,,,,,,,,I
,,,,,,,,,,,,,,I
,,,,,,,,,H,,,,,A
,,,,,,,,,,,,,,A
,,,,,,,,,,,,,,I
,,,,,,,,,,,,,,I
,,,,,,,,,,,,,,A
,,,,,,,,,,,,,L,A
,,,,,,,,,,,,,,A
,,,,,,,,,,,,,L,I
,,,,,,,,,,,,,,I
,,,,,,,,,,,,,,
,,,,,,,,,,,,,,I
,,,,,,,,,,,,,,I
,,,,,,,,,H,,,,,I
,,,,,,,,,,,,,,I
,,,,,,,,,,,,,,
,,,,,,,,,,,,,,I
,,,,,,,,,,,,,,I
,,,,,,,,,,,,,,E
,,,,,,,,,,,,,,
,,,,,,,,,,,,,,I
,,,,,,,,,,,,,,
,,,,,,,,,,,,,L,I
,,,,,,,,,,,,,,I
,,,,,,,,,,,,,,I
,,,,,,,,,,,,,,
,,,,,,,,,,,,,,I
,,,,,,,,,,,,,,
,,,,,,,,,,,,,,I
,,,,,,,,,,,,,,
,,,,,,,,,,,,,,I
,,,,,,,,,,,,,,
,,,,,,,,,,,,,,A
,,,,,,,,,,,,,,
,,,,,,,,,,,,,,I
,,,,,,,,,,,,,,I
,,,,,,,,,,,,,,I
,,,,,,,,,,,,,,I
,,,,,,,,,,,,,,I
,,,,,,,,,H,,,,,I
,,,,,,,,,,,,,,I
,,,,,,,,,H,,,,,I
,,,,,,,,,,,,,,
,,,,,,,,,,,,,,I
,,,,,,,,,,,,,,A
,,,,,,,,,H,,,,,I
,,,,,,,,,,,,,,
,,,,,,,,,,,,,,
,,,,,,,,,,,,,L,I
,,,,,,,,,H,,,,,I
,,,,,,,,,,,,,,
,,,,,,,,,,,,,L,I
,,,,,,,,,,,,,,I
,,,,,,,,,,,,,,I
,,,,,,,,,,,,,L,I
,,,,,,,,,,,,,L,I
,,,,,,,,,,,,,,I
,,,,,,,,,,,,,,I
,,,,,,,,,,,,,,I
,,,,,,,,,,,,,,I
,,,,,,,,,,,,,,
,,,,,,,,,H,,,,,I
,,,,,,,,,,,,,,I
,,,,,,,,,,,,,,I
,,,,,,,,,,,,,,
,,,,,,,,,,,,,,I
,,,,,,,,,,,,,,I
,,,,,,,,,H,,,,,I
,,,,,,,,,H,,,,,I
,,,,,,,,,,,,,,I
,,,,,,,,,,,,,,I
,,,,,,,,,,,,,,
,,,,,,,,,,,,,,
,,,,,,,,,,,,,,I
,,,,,,,,,,,,,,
,,,,,,,,,H,,,,,I
,,,,,,,,,,,,,,A
,,,,,,,,,H,,,,,I
,,,,,,,,,,,,,,
,,,,,,,,,,,,,,
,,,,,,,,,,,,,,
,,,,,,,,,H,,,,,I
,,,,,,,,,H,,,,,I
,,,,,,,,,,,,,,
,,,,,,,,,H,,,,,A
,,,,,,,,,,,,,,I
,,,,,,,,,,,,,,I
,,,,,,,,,,,,,,
,,,,,,,,,H,,,,,A
,,,,,,,,,,,,,,
,,,,,,,,,,,,,,I
,,,,,,,,,,,,,,I
,,,,,,,,,,,,,,I
,,,,,,,,,,,,,,I
,,,,,,,,,,,,,,A
,,,,,,,,,H,,,,,I
,,,,,,,,,,,,,,I
,,,,,,,,,,,,,,I
,,,,,,,,,,,,,,I
,,,,,,,,,,,,,,I
,,,,,,,,,,,,,L,I
,,,,,,,,,,,,,L,I
,,,,,,,,,,,,,,
,,,,,,,,,,,,,L,I
,,,,,,,,,,,,,L,I
,,,,,,,,,H,,,,,A
,,,,,,,,,H,,,,,I
,,,,,,,,,H,,,,,I
,,,,,,,,,,,,,,
,,,,,,,,,,,,,,
,,,,,,,,,,,,,,I
,,,,,,,,,,,,,,
,,,,,,,,,H,,,,,I
,,,,,,,,,H,,,,,I
,,,,,,,,,,,,,,
,,,,,,,,,,,,,,
,,,,,,,,,,,,,,E
,,,,,,,,,,,,,,I
,,,,,,,,,,,,,,I
,,,,,,,,,,,,,L,I
,,,,,,,,,H,,,,,I
,,,,,,,,,H,,,,,A
,,,,,,,,,,,,,,I
,,,,,,,,,,,,,,E
,,,,,,,,,,,,,,
,,,,,,,,,,,,,,
,,,,,,,,,,,,,,
,,,,,,,,,,,,,,E
,,,,,,,,,,,,,,I
,,,,,,,,,,,,,,I
,,,,,,,,,,,,,,I
,,,,,,,,,,,,,L,I
,,,,,,,,,,,,,L,I
,,,,,,,,,,,,,,
,,,,,,,,,,,,,,I
,,,,,,,,,,,,,,
,,,,,,,,,,,,,,I
,,,,,,,,,,,,,,
,,,,,,,,,,,,,L,I
,,,,,,,,,H,,,,,A
,,,,,,,,,H,,,,,A
,,,,,,,,,,,,,,I
,,,,,,,,,,,,,,I
,,,,,,,,,,,,,,
,,,,,,,,,,,,,,I
,,,,,,,,,,,,,,I
,,,,,,,,,,,,,,I
,,,,,,,,,,,,,,
,,,,,,,,,,,,,,
,,,,,,,,,,,,,,
,,,,,,,,,,,,,,
,,,,,,,,,,,,,,
,,,,,,,,,,,,,,
,,,,,,,,,,,,,,
,,,,,,,,,,,,,,
,,,,,,,,,,,,,,
,,,,,,,,,,,,,,
,,,,,,,,,,,,,,I
,,,,,,,,,,,,,,
,,,,,,,,,,,,,,
,,,,,,,,,,,,,,
,,,,,,,,,,,,,,
,,,,,,,,,,,,,,I
,,,,,,,,,,,,,,
,,,,,,,,,,,,,,
,,,,,,,,,,,,,,
,,,,,,,,,,,,,,
,,,,,,,,,,,,,,
,,,,,,,,,,,,,,
,,,,,,,,,,,,,,
,,,,,,,,,,,,,,
,,,,,,,,,,,,,,I
,,,,,,,,,,,,,,I
,,,,,,,,,,,,,,I
,,,,,,,,,H,,,,,I
,,,,,,,,,,,,,L,I
,,,,,,,,,,,,,L,I
,,,,,,,,,,,,,,I
,,,,,,,,,H,,,,,I
,,,,,,,,,,,,,,
,,,,,,,,,,,,,L,I
,,,,,,,,,,,,,L,I
,,,,,,,,,,,,,L,I
,,,,,,,,,,,,,,I
,,,,,,,,,,,,,,E
,,,,,,,,,,,,,,I
,,,,,,,,,,,,,,I
,,,,,,,,,,,,,,
,,,,,,,,,,,,,,I
,,,,,,,,,,,,,,I
,,,,,,,,,,,,,,
,,,,,,,,,,,,,,
,,,,,,,,,,,,,,
,,,,,,,,,,,,,,I
,,,,,,,,,,,,,,I
,,,,,,,,,,,,,,
,,,,,,,,,,,,,,I
,,,,,,,,,,,,,,E
,,,,,,,,,,,,,,I
,,,,,,,,,,,,,,A
,,,,,,,,,,,,,L,I
,,,,,,,,,,,,,,I
,,,,,,,,,,,,,,E
,,,,,,,,,,,,,,
,,,,,,,,,H,,,,,A
,,,,,,,,,,,,,L,I
,,,,,,,,,,,,,,A
,,,,,,,,,H,,,,,I
,,,,,,,,,,,,,L,A
,,,,,,,,,,,,,L,A
,,,,,,,,,,,,,,
,,,,,,,,,,,,,,
,,,,,,,,,,,,,,
,,,,,,,,,H,,,,,I
,,,,,,,,,,,,,,
,,,,,,,,,H,,,,,A
,,,,,,,,,H,,,,,I
,,,,,,,,,H,,,,,A
,,,,,,,,,,,,,,
,,,,,,,,,,,,,,
,,,,,,,,,H,,,,,A
,,,,,,,,,,,,,,I
,,,,,,,,,,,,,,
,,,,,,,,,,,,,,I
,,,,,,,,,,,,,,
,,,,,,,,,,,,,,
,,,,,,,,,,,,,,
,,,,,,,,,,,,,,
,,,,,,,,,,,,,,
,,,,,,,,,,,,,,I
,,,,,,,,,,,,,,
,,,,,,,,,,,,,,
,,,,,,,,,,,,,L,I
,,,,,,,,,,,,,,
,,,,,,,,,,,,,,
,,,,,,,,,,,,,L,I
,,,,,,,,,,,,,L,I
,,,,,,,,,,,,,L,I
,,,,,,,,,,,,,,
,,,,,,,,,,,,,,
,,,,,,,,,,,,,,
,,,,,,,,,,,,,,
,,,,,,,,,,,,,,
,,,,,,,,,,,,,,
,,,,,,,,,,,,,,I
,,,,,,,,,,,,,,
,,,,,,,,,,,,,,I
,,,,,,,,,,,,,,I
,,,,,,,,,,,,,L,I
,,,,,,,,,,,,,L,I
,,,,,,,,,H,,,,,I
,,,,,,,,,,,,,L,I
,,,,,,,,,,,,,L,I
,,,,,,,,,,,,,,I
,,,,,,,,,,,,,,I
,,,,,,,,,,,,,,
,,,,,,,,,,,,,,I
,,,,,,,,,,,,,,
,,,,,,,,,,,,,,I
,,,,,,,,,,,,,,I
,,,,,,,,,,,,,,I
,,,,,,,,,,,,,,
,,,,,,,,,,,,,,I
,,,,,,,,,,,,,,I
,,,,,,,,,,,,,,I
,,,,,,,,,,,,,,
,,,,,,,,,H,,,,,I
,,,,,,,,,,,,,,
,,,,,,,,,,,,,,
,,,,,,,,,,,,,,
,,,,,,,,,,,,,,
,,,,,,,,,,,,,,I
,,,,,,,,,H,,,,,I
,,,,,,,,,H,,,,,I
,,,,,,,,,,,,,,I
,,,,,,,,,,,,,,
,,,,,,,,,,,,,,E
,,,,,,,,,,,,,,
,,,,,,,,,,,,,,
,,,,,,,,,,,,,L,I
,,,,,,,,,,,,,L,I
,,,,,,,,,,,,,L,I
,,,,,,,,,,,,,L,I
,,,,,,,,,,,,,,I
,,,,,,,,,,,,,,I
,,,,,,,,,,,,,,I
,,,,,,,,,,,,,,
,,,,,,,,,,,,,,
,,,,,,,,,,,,,,
,,,,,,,,,H,,,,,A
,,,,,,,,,H,,,,,A
,,,,,,,,,H,,,,,A
,,,,,,,,,,,,,,E
,,,,,,,,,,,,,,
,,,,,,,,,,,,,,I
,,,,,,,,,,,,,,I
,,,,,,,,,,,,,,I
,,,,,,,,,H,,,,,I
,,,,,,,,,H,,,,,I
,,,,,,,,,,,,,,
,,,,,,,,,,,,,,I
,,,,,,,,,,,,,,I
,,,,,,,,,,,,,,
,,,,,,,,,H,,,,,I
,,,,,,,,,H,,,,,I
,,,,,,,,,H,,,,,I
,,,,,,,,,,,,,,I
,,,,,,,,,,,,,,I
,,,,,,,,,,,,,,
,,,,,,,,,,,,,,
,,,,,,,,,,,,,,
,,,,,,,,,,,,,,
,,,,,,,,,,,,,,
,,,,,,,,,,,,,,
,,,,,,,,,H,,,,,I
,,,,,,,,,,,,,,
,,,,,,,,,,,,,,
,,,,,,,,,,,,,,
,,,,,,,,,,,,,,
,,,,,,,,,,,,,,
,,,,,,,,,,,,,,
,,,,,,,,,,,,,,
,,,,,,,,,,,,,,
,,,,,,,,,,,,,,
,,,,,,,,,,,,,,I
,,,,,,,,,,,,,,I
,,,,,,,,,,,,,,A
,,,,,,,,,,,,,,I
,,,,,,,,,,,,,,I
,,,,,,,,,,,,,,
,,,,,,,,,,,,,,I
,,,,,,,,,,,,,,I
,,,,,,,,,,,,,,
,,,,,,,,,,,,,,
,,,,,,,,,H,,,,,E
,,,,,,,,,,,,,,
,,,,,,,,,,,,,,A
,,,,,,,,,,,,,,
,,,,,,,,,H,,,,,E
,,,,,,,,,,,,,,
,,,,,,,,,,,,,,I
,,,,,,,,,,,,,,I
,,,,,,,,,,,,,,I
,,,,,,,,,,,,,,I
,,,,,,,,,,,,,,I
,,,,,,,,,,,,,,I
,,,,,,,,,H,,,,,A
,,,,,,,,,,,,,,I
,,,,,,,,,,,,,,I
,,,,,,,,,H,,,,,I
,,,,,,,,,H,,,,,I
,,,,,,,,,H,,,,,I
,,,,,,,,,,,,,,
,,,,,,,,,,,,,,I
,,,,,,,,,,,,,,I
,,,,,,,,,,,,,,I
,,,,,,,,,,,,,,I
,,,,,,,,,,,,,,I
,,,,,,,,,,,,,,
,,,,,,,,,,,,,,
,,,,,,,,,,,,,,
,,,,,,,,,,,,,,I
,,,,,,,,,,,,,,I
,,,,,,,,,,,,,,
,,,,,,,,,,,,,,
,,,,,,,,,,,,,,E
,,,,,,,,,,,,,,
,,,,,,,,,,,,,,
,,,,,,,,,,,,,,
,,,,,,,,,,,,,,
,,,,,,,,,,,,,,
,,,,,,,,,,,,,,
,,,,,,,,,,,,,,I
,,,,,,,,,,,,,,I
,,,,,,,,,,,,,,I
,,,,,,,,,,,,,,A
,,,,,,,,,,,,,,I
,,,,,,,,,,,,,,A
,,,,,,,,,,,,,,A
,,,,,,,,,,,,,,A
,,,,,,,,,,,,,,A
,,,,,,,,,,,,,,A
,,,,,,,,,,,,,,A
,,,,,,,,,,,,,,A
,,,,,,,,,,,,,,A
,,,,,,,,,,,,,,A
,,,,,,,,,,,,,,I
,,,,,,,,,,,,,,A
,,,,,,,,,,,,,,A
,,,,,,,,,,,,,,A
,,,,,,,,,,,,,,A
,,,,,,,,,,,,,,I
,,,,,,,,,,,,,,I
,,,,,,,,,,,,,,A
,,,,,,,,,,,,,,A
,,,,,,,,,,,,,,A
,,,,,,,,,,,,,,A
,,,,,,,,,,,,,,E
,,,,,,,,,,,,,,A
,,,,,,,,,,,,,,A
,,,,,,,,,,,,,,A
,,,,,,,,,,,,,,A
,,,,,,,,,,,,,,
,,,,,,,,,,,,,,I
,,,,,,,,,,,,,,
,,,,,,,,,,,,,,I
,,,,,,,,,,,,,,A
,,,,,,,,,H,,,,,A
,,,,,,,,,,,,,,I
,,,,,,,,,,,,,,I
,,,,,,,,,,,,,,
,,,,,,,,,,,,,,A
,,,,,,,,,,,,,,A
,,,,,,,,,,,,,,A
,,,,,,,,,,,,,,A
,,,,,,,,,,,,,,A
,,,,,,,,,,,,,,A
,,,,,,,,,,,,,,A
,,,,,,,,,,,,,,A
,,,,,,,,,,,,,,I
,,,,,,,,,,,,,,I
,,,,,,,,,,,,,,I
,,,,,,,,,,,,,,I
,,,,,,,,,,,,,,I
,,,,,,,,,,,,,,A
,,,,,,,,,,,,,,I
,,,,,,,,,,,,,,I
,,,,,,,,,,,,,,
,,,,,,,,,,,,,,I
,,,,,,,,,,,,,,I
,,,,,,,,,,,,,,I
,,,,,,,,,H,,,,,A
,,,,,,,,,,,,,,I
,,,,,,,,,,,,,,I
,,,,,,,,,H,,,,,A
,,,,,,,,,,,,,,E
,,,,,,,,,,,,,L,I
,,,,,,,,,,,,,L,A
,,,,,,,,,,,,,,A
,,,,,,,,,,,,,,A
,,,,,,,,,H,,,,,I
,,,,,,,,,,,,,,I
,,,,,,,,,,,,,,I
,,,,,,,,,,,,,,I
,,,,,,,,,,,,,,I
,,,,,,,,,,,,,L,A
,,,,,,,,,,,,,L,I
,,,,,,,,,,,,,,I
,,,,,,,,,,,,,,
,,,,,,,,,,,,,,I
,,,,,,,,,,,,,,I
,,,,,,,,,,,,,,I
,,,,,,,,,,,,,,I
,,,,,,,,,,,,,,
,,,,,,,,,,,,,,I
,,,,,,,,,,,,,,A
,,,,,,,,,,,,,,I
,,,,,,,,,,,,,,I
,,,,,,,,,,,,,,I
,,,,,,,,,,,,,,I
,,,,,,,,,,,,,,I
,,,,,,,,,,,,,,I
,,,,,,,,,,,,,,I
,,,,,,,,,H,,,,,I
,,,,,,,,,,,,,,I
,,,,,,,,,,,,,,I
,,,,,,,,,,,,,,I
,,,,,,,,,,,,,,I
,,,,,,,,,,,,,,I
,,,,,,,,,,,,,,I
,,,,,,,,,,,,,,I
,,,,,,,,,,,,,,A
,,,,,,,,,,,,,,E
,,,,,,,,,,,,,,I
,,,,,,,,,H,,,,,I
,,,,,,,,,,,,,,I
,,,,,,,,,,,,,,
,,,,,,,,,,,,,,I
,,,,,,,,,,,,,,I
,,,,,,,,,,,,,,I
,,,,,,,,,,,,,,
,,,,,,,,,,,,,,I
,,,,,,,,,H,,,,,I
,,,,,,,,,H,,,,,I
,,,,,,,,,,,,,,I
,,,,,,,,,,,,,,I
,,,,,,,,,,,,,,I
,,,,,,,,,,,,,,I
,,,,,,,,,,,,,,I
,,,,,,,,,,,,,,I
,,,,,,,,,,,,,,I
,,,,,,,,,,,,,,I
,,,,,,,,,,,,,,I
,,,,,,,,,H,,,,,A
,,,,,,,,,,,,,,I
,,,,,,,,,,,,,,I
,,,,,,,,,,,,,,I
,,,,,,,,,,,,,,I
,,,,,,,,,,,,,,
,,,,,,,,,,,,,,
,,,,,,,,,,,,,,I
,,,,,,,,,,,,,,I
,,,,,,,,,,,,,,I
,,,,,,,,,,,,,L,A
,,,,,,,,,,,,,,I
,,,,,,,,,,,,,,
,,,,,,,,,,,,,,I
,,,,,,,,,,,,,,I
,,,,,,,,,,,,,,I
,,,,,,,,,,,,,,A
,,,,,,,,,,,,,,A
,,,,,,,,,,,,,,I
,,,,,,,,,,,,,,I
,,,,,,,,,,,,,,I
,,,,,,,,,,,,,,
,,,,,,,,,,,,,,I
,,,,,,,,,H,,,,,A
,,,,,,,,,,,,,,I
,,,,,,,,,,,,,,I
,,,,,,,,,,,,,,A
,,,,,,,,,H,,,,,I
,,,,,,,,,H,,,,,I
,,,,,,,,,H,,,,,I
,,,,,,,,,,,,,,
,,,,,,,,,,,,,,A
,,,,,,,,,H,,,,,I
,,,,,,,,,,,,,,A
,,,,,,,,,,,,,,I
,,,,,,,,,,,,,,I
,,,,,,,,,,,,,,I
,,,,,,,,,,,,,,
,,,,,,,,,,,,,,
,,,,,,,,,,,,,,A
,,,,,,,,,H,,,,,A
,,,,,,,,,,,,,,
,,,,,,,,,,,,,,I
,,,,,,,,,,,,,,
,,,,,,,,,,,,,,
,,,,,,,,,,,,,,
,,,,,,,,,H,,,,,A
,,,,,,,,,,,,,,I
,,,,,,,,,,,,,,I
,,,,,,,,,H,,,,,I
,,,,,,,,,H,,,,,I
,,,,,,,,,,,,,,
,,,,,,,,,,,,,,
,,,,,,,,,,,,,,I
,,,,,,,,,,,,,,
,,,,,,,,,,,,,L,A
,,,,,,,,,,,,,,
,,,,,,,,,,,,,L,I
,,,,,,,,,,,,,L,I
,,,,,,,,,,,,,,
,,,,,,,,,,,,,,I
,,,,,,,,,,,,,,I
,,,,,,,,,,,,,,
,,,,,,,,,H,,,,,I
,,,,,,,,,H,,,,,I
,,,,,,,,,,,,,,I
,,,,,,,,,,,,,,
,,,,,,,,,,,,,,
,,,,,,,,,,,,,,
,,,,,,,,,,,,,L,I
,,,,,,,,,,,,,L,I
,,,,,,,,,H,,,,,I
,,,,,,,,,,,,,,
,,,,,,,,,,,,,,I
,,,,,,,,,,,,,,I
,,,,,,,,,,,,,,
,,,,,,,,,,,,,,I
,,,,,,,,,,,,,,
,,,,,,,,,,,,,L,A
,,,,,,,,,,,,,,I
,,,,,,,,,,,,,L,A
,,,,,,,,,,,,,,
,,,,,,,,,,,,,,
,,,,,,,,,H,,,,,A
,,,,,,,,,H,,,,,I
,,,,,,,,,,,,,,
,,,,,,,,,,,,,,
,,,,,,,,,,,,,,A
,,,,,,,,,H,,,,,A
,,,,,,,,,,,,,,I
,,,,,,,,,,,,,,A
,,,,,,,,,,,,,,
,,,,,,,,,H,,,,,I
,,,,,,,,,,,,,,
,,,,,,,,,,,,,,I
,,,,,,,,,,,,,,A
,,,,,,,,,H,,,,,I
,,,,,,,,,,,,,,I
,,,,,,,,,,,,,,I
,,,,,,,,,,,,,,
,,,,,,,,,,,,,,
,,,,,,,,,,,,,,
,,,,,,,,,,,,,,I
,,,,,,,,,H,,,,,I
,,,,,,,,,,,,,L,I
,,,,,,,,,H,,,,,I
,,,,,,,,,,,,,,I
,,,,,,,,,,,,,,A
,,,,,,,,,H,,,,,I
,,,,,,,,,H,,,,,I
,,,,,,,,,H,,,,,I
,,,,,,,,,,,,,,
,,,,,,,,,,,,,,
,,,,,,,,,,,,,,
,,,,,,,,,,,,,,
,,,,,,,,,,,,,,I
,,,,,,,,,,,,,,
,,,,,,,,,,,,,,A
,,,,,,,,,,,,,,I
,,,,,,,,,,,,,,A
,,,,,,,,,,,,,,A
,,,,,,,,,,,,,,I
,,,,,,,,,,,,,,A
,,,,,,,,,,,,,,A
,,,,,,,,,,,,,,A
,,,,,,,,,,,,,,A
,,,,,,,,,,,,,,A
,,,,,,,,,,,,,,A
,,,,,,,,,,,,,,I
,,,,,,,,,,,,,,A
,,,,,,,,,,,,,,I
,,,,,,,,,,,,,,
,,,,,,,,,,,,,,
,,,,,,,,,,,,,,
,,,,,,,,,,,,,,I
,,,,,,,,,,,,,,A
,,,,,,,,,,,,,,I
,,,,,,,,,,,,,,
,,,,,,,,,,,,,,
,,,,,,,,,,,,,,
,,,,,,,,,,,,,,A
,,,,,,,,,,,,,,A
,,,,,,,,,,,,,,I
,,,,,,,,,,,,,,I
,,,,,,,,,,,,,L,I
,,,,,,,,,,,,,L,I
,,,,,,,,,,,,,,I
,,,,,,,,,,,,,,
,,,,,,,,,,,,,,
,,,,,,,,,,,,,,I
,,,,,,,,,,,,,,
,,,,,,,,,,,,,,I
,,,,,,,,,,,,,L,A
,,,,,,,,,,,,,,A
,,,,,,,,,,,,,,A
,,,,,,,,,,,,,L,I
,,,,,,,,,,,,,L,I
,,,,,,,,,,,,,,I
,,,,,,,,,,,,,,I
,,,,,,,,,,,,,,
,,,,,,,,,,,,,,
,,,,,,,,,,,,,,
,,,,,,,,,,,,,L,I
,,,,,,,,,,,,,L,I
,,,,,,,,,,,,,,I
,,,,,,,,,,,,,,
,,,,,,,,,,,,,,
,,,,,,,,,,,,,,
,,,,,,,,,,,,,,I
,,,,,,,,,,,,,,I
,,,,,,,,,,,,,,
,,,,,,,,,,,,,,
,,,,,,,,,,,,,,A
,,,,,,,,,,,,,,
,,,,,,,,,,,,,L,A
,,,,,,,,,,,,,,A
,,,,,,,,,,,,,,I
,,,,,,,,,,,,,,A
,,,,,,,,,,,,,,
,,,,,,,,,,,,,,I
,,,,,,,,,,,,,,A
,,,,,,,,,,,,,,A
,,,,,,,,,,,,,,
,,,,,,,,,,,,,,I
,,,,,,,,,,,,,,I
,,,,,,,,,,,,,,
,,,,,,,,,,,,,,A
,,,,,,,,,,,,,,
,,,,,,,,,,,,,,
,,,,,,,,,H,,,,,I
,,,,,,,,,H,,,,,I
,,,,,,,,,,,,,,
,,,,,,,,,,,,,,
,,,,,,,,,,,,,L,I
,,,,,,,,,,,,,L,I
,,,,,,,,,,,,,,I
,,,,,,,,,,,,,,I
,,,,,,,,,,,,,,
,,,,,,,,,,,,,,
,,,,,,,,,,,,,,
,,,,,,,,,,,,,,
,,,,,,,,,,,,,,
,,,,,,,,,,,,,,
,,,,,,,,,H,,,,,A
,,,,,,,,,H,,,,,A
,,,,,,,,,,,,,,
,,,,,,,,,,,,,,A
,,,,,,,,,H,,,,,I
,,,,,,,,,H,,,,,I
,,,,,,,,,H,,,,,I
,,,,,,,,,H,,,,,I
,,,,,,,,,H,,,,,I
,,,,,,,,,,,,,,
,,,,,,,,,H,,,,,A
,,,,,,,,,,,,,,I
,,,,,,,,,,,,,L,I
,,,,,,,,,,,,,,A
,,,,,,,,,,,,,,A
,,,,,,,,,,,,,,I
,,,,,,,,,,,,,,A
,,,,,,,,,,,,,,A
,,,,,,,,,,,,,,I
,,,,,,,,,,,,,,
,,,,,,,,,,,,,,A
,,,,,,,,,,,,,,A
,,,,,,,,,,,,,,I
,,,,,,,,,,,,,,
,,,,,,,,,H,,,,,I
,,,,,,,,,H,,,,,I
,,,,,,,,,,,,,,
,,,,,,,,,,,,,,
,,,,,,,,,H,,,,,A
,,,,,,,,,,,,,,
,,,,,,,,,,,,,,I
,,,,,,,,,,,,,,
,,,,,,,,,,,,,,
,,,,,,,,,,,,,,A
,,,,,,,,,,,,,,I
,,,,,,,,,H,,,,,A
,,,,,,,,,,,,,,A
,,,,,,,,,,,,,,I
,,,,,,,,,,,,,,A
,,,,,,,,,,,,,,A
,,,,,,,,,,,,,,
,,,,,,,,,,,,,,
,,,,,,,,,H,,,,,A
,,,,,,,,,,,,,,
,,,,,,,,,,,,,,A
,,,,,,,,,,,,,,A
,,,,,,,,,,,,,,A
,,,,,,,,,,,,,,I
,,,,,,,,,,,,,,A
,,,,,,,,,,,,,,A
,,,,,,,,,,,,,,A
,,,,,,,,,,,,,,I
,,,,,,,,,,,,,,
,,,,,,,,,,,,,,
,,,,,,,,,,,,,,
,,,,,,,,,,,,,L,I
,,,,,,,,,,,,,L,I
,,,,,,,,,,,,,,I
,,,,,,,,,H,,,,,I
,,,,,,,,,H,,,,,I
,,,,,,,,,H,,,,,I
,,,,,,,,,,,,,,
,,,,,,,,,H,,,,,I
,,,,,,,,,,,,,,I
,,,,,,,,,,,,,,
,,,,,,,,,,,,,L,I
,,,,,,,,,,,,,L,I
,,,,,,,,,,,,,,
,,,,,,,,,,,,,,
,,,,,,,,,,,,,L,I
,,,,,,,,,,,,,,I
,,,,,,,,,,,,,,I
,,,,,,,,,,,,,,I
,,,,,,,,,,,,,,
,,,,,,,,,,,,,,
,,,,,,,,,,,,,,I
,,,,,,,,,,,,,,I
,,,,,,,,,,,,,,I
,,,,,,,,,,,,,,I
,,,,,,,,,,,,,,I
,,,,,,,,,,,,,,I
,,,,,,,,,H,,,,,A
,,,,,,,,,,,,,,I
,,,,,,,,,,,,,,
,,,,,,,,,H,,,,,A
,,,,,,,,,,,,,,
,,,,,,,,,,,,,,I
,,,,,,,,,H,,,,,A
,,,,,,,,,,,,,,A
,,,,,,,,,,,,,,A
,,,,,,,,,,,,,,
,,,,,,,,,,,,,,A
,,,,,,,,,,,,,,A
,,,,,,,,,,,,,,
,,,,,,,,,H,,,,,I
,,,,,,,,,H,,,,,I
,,,,,,,,,,,,,,I
,,,,,,,,,H,,,,,I
,,,,,,,,,,,,,,
,,,,,,,,,,,,,,A
,,,,,,,,,,,,,,
,,,,,,,,,,,,,,
,,,,,,,,,,,,,,
,,,,,,,,,,,,,,A
,,,,,,,,,,,,,,A
,,,,,,,,,,,,,,A
,,,,,,,,,,,,,,
,,,,,,,,,,,,,,
,,,,,,,,,,,,,,I
,,,,,,,,,,,,,,
,,,,,,,,,,,,,,
,,,,,,,,,,,,,,
,,,,,,,,,,,,,,
,,,,,,,,,,,,,,
,,,,,,,,,,,,,,A
,,,,,,,,,H,,,,,I
,,,,,,,,,H,,,,,I
,,,,,,,,,,,,,,A
,,,,,,,,,,,,,,A
,,,,,,,,,,,,,,I
,,,,,,,,,,,,,,I
,,,,,,,,,,,,,,I
,,,,,,,,,,,,,,
,,,,,,,,,,,,,,A
,,,,,,,,,,,,,,I
,,,,,,,,,,,,,,
,,,,,,,,,,,,,,
,,,,,,,,,,,,,,
,,,,,,,,,,,,,,I
,,,,,,,,,H,,,,,A
,,,,,,,,,H,,,,,A
,,,,,,,,,H,,,,,A
,,,,,,,,,H,,,,,A
,,,,,,,,,H,,,,,I
,,,,,,,,,H,,,,,A
,,,,,,,,,,,,,,
,,,,,,,,,,,,,,
,,,,,,,,,,,,,,
,,,,,,,,,,,,,,I
,,,,,,,,,,,,,,
,,,,,,,,,,,,,,
,,,,,,,,,,,,,,
,,,,,,,,,,,,,,I
,,,,,,,,,,,,,,A
,,,,,,,,,,,,,,I
,,,,,,,,,,,,,,A
,,,,,,,,,,,,,,
,,,,,,,,,,,,,,
,,,,,,,,,,,,,,
,,,,,,,,,,,,,L,I
,,,,,,,,,,,,,L,I
,,,,,,,,,,,,,,I
,,,,,,,,,,,,,,A
,,,,,,,,,,,,,,
,,,,,,,,,H,,,,,I
,,,,,,,,,,,,,,
,,,,,,,,,,,,,,
,,,,,,,,,H,,,,,I
,,,,,,,,,H,,,,,A
,,,,,,,,,,,,,,
,,,,,,,,,H,,,,,A
,,,,,,,,,,,,,,A
,,,,,,,,,,,,,,
,,,,,,,,,,,,,,
,,,,,,,,,H,,,,,A
,,,,,,,,,,,,,,A
,,,,,,,,,,,,,,
,,,,,,,,,,,,,,I
,,,,,,,,,H,,,,,I
,,,,,,,,,H,,,,,A
,,,,,,,,,,,,,,
,,,,,,,,,,,,,,I
,,,,,,,,,,,,,,
,,,,,,,,,,,,,,A
,,,,,,,,,,,,,,I
,,,,,,,,,,,,,,
,,,,,,,,,,,,,,I
,,,,,,,,,,,,,L,I
,,,,,,,,,,,,,,A
,,,,,,,,,,,,,,I
,,,,,,,,,,,,,L,I
,,,,,,,,,H,,,,,I
,,,,,,,,,,,,,,I
,,,,,,,,,H,,,,,I
,,,,,,,,,H,,,,,I
,,,,,,,,,,,,,,A
,,,,,,,,,H,,,,,A
,,,,,,,,,H,,,,,A
,,,,,,,,,,,,,,
,,,,,,,,,,,,,,I
,,,,,,,,,,,,,,
,,,,,,,,,,,,,L,A
,,,,,,,,,,,,,L,A
,,,,,,,,,,,,,,I
,,,,,,,,,,,,,,A
,,,,,,,,,,,,,L,I
,,,,,,,,,,,,,L,I
,,,,,,,,,,,,,L,I
,,,,,,,,,,,,,L,A
,,,,,,,,,,,,,L,A
,,,,,,,,,H,,,,,I
,,,,,,,,,H,,,,,I
,,,,,,,,,,,,,,
,,,,,,,,,,,,,L,A
,,,,,,,,,,,,,,A
,,,,,,,,,,,,,L,I
,,,,,,,,,,,,,L,I
,,,,,,,,,,,,,,
,,,,,,,,,,,,,,
,,,,,,,,,,,,,,
,,,,,,,,,,,,,L,I
,,,,,,,,,,,,,L,I
,,,,,,,,,,,,,,I
,,,,,,,,,,,,,,
,,,,,,,,,,,,,,
,,,,,,,,,H,,,,,I
,,,,,,,,,,,,,,A
,,,,,,,,,,,,,,
,,,,,,,,,H,,,,,I
,,,,,,,,,,,,,,
,,,,,,,,,,,,,,A
,,,,,,,,,,,,,,
,,,,,,,,,,,,,,I
,,,,,,,,,,,,,,A
,,,,,,,,,,,,,,A
,,,,,,,,,,,,,,I
,,,,,,,,,,,,,,I
,,,,,,,,,,,,,,
,,,,,,,,,,,,,,
,,,,,,,,,,,,,,A
,,,,,,,,,,,,,,I
,,,,,,,,,,,,,,
,,,,,,,,,,,,,,A
,,,,,,,,,,,,,,I
,,,,,,,,,,,,,,I
,,,,,,,,,H,,,,,I
,,,,,,,,,,,,,,
,,,,,,,,,,,,,,
,,,,,,,,,,,,,,
,,,,,,,,,H,,,,,A
,,,,,,,,,H,,,,,A
,,,,,,,,,H,,,,,A
,,,,,,,,,H,,,,,A
,,,,,,,,,H,,,,,A
,,,,,,,,,,,,,,A
,,,,,,,,,,,,,,A
,,,,,,,,,,,,,,
,,,,,,,,,,,,,,
,,,,,,,,,,,,,,
,,,,,,,,,,,,,,
,,,,,,,,,,,,,,A
,,,,,,,,,,,,,,A
,,,,,,,,,,,,,,
,,,,,,,,,,,,,,
,,,,,,,,,,,,,,
,,,,,,,,,,,,,,
,,,,,,,,,,,,,,I
,,,,,,,,,,,,,,I
,,,,,,,,,,,,,,
,,,,,,,,,,,,,,I
,,,,,,,,,,,,,,I
,,,,,,,,,,,,,,
,,,,,,,,,,,,,,
,,,,,,,,,,,,,,I
,,,,,,,,,,,,,,I
,,,,,,,,,,,,,,
,,,,,,,,,,,,,,I
,,,,,,,,,,,,,,I
,,,,,,,,,H,,,,,I
,,,,,,,,,,,,,,
,,,,,,,,,H,,,,,A
,,,,,,,,,H,,,,,I
,,,,,,,,,H,,,,,A
,,,,,,,,,,,,,,
,,,,,,,,,H,,,,,I
,,,,,,,,,,,,,,I
,,,,,,,,,,,,,,I
,,,,,,,,,,,,,,
,,,,,,,,,H,,,,,A
,,,,,,,,,H,,,,,A
,,,,,,,,,,,,,,
,,,,,,,,,,,,,,A
,,,,,,,,,,,,,,A
,,,,,,,,,,,,,,A
,,,,,,,,,,,,,,I
,,,,,,,,,,,,,,I
,,,,,,,,,,,,,,I
,,,,,,,,,,,,,,I
,,,,,,,,,,,,,,I
,,,,,,,,,,,,,,I
,,,,,,,,,,,,,,I
,,,,,,,,,,,,,,I
,,,,,,,,,,,,,,I
,,,,,,,,,,,,,,A
,,,,,,,,,,,,,,
,,,,,,,,,,,,,,
,,,,,,,,,,,,,,
,,,,,,,,,,,,,L,I
,,,,,,,,,,,,,,A
,,,,,,,,,,,,,,A
,,,,,,,,,,,,,,
,,,,,,,,,H,,,,,I
,,,,,,,,,,,,,,
,,,,,,,,,,,,,,
,,,,,,,,,,,,,,A
,,,,,,,,,,,,,,
,,,,,,,,,,,,,,
,,,,,,,,,,,,,,
,,,,,,,,,,,,,,
,,,,,,,,,,,,,,
,,,,,,,,,,,,,,
,,,,,,,,,,,,,,
,,,,,,,,,,,,,,A
,,,,,,,,,,,,,,A
,,,,,,,,,,,,,,A
,,,,,,,,,H,,,,,I
,,,,,,,,,,,,,,I
,,,,,,,,,,,,,,I
,,,,,,,,,,,,,,I
,,,,,,,,,,,,,,I
,,,,,,,,,,,,,,
,,,,,,,,,,,,,,
,,,,,,,,,,,,,,
,,,,,,,,,,,,,,
,,,,,,,,,,,,,,
,,,,,,,,,,,,,,
,,,,,,,,,,,,,,A
,,,,,,,,,,,,,,
,,,,,,,,,,,,,,
,,,,,,,,,,,,,,
,,,,,,,,,,,,,,A
,,,,,,,,,,,,,,A
,,,,,,,,,,,,,,
,,,,,,,,,,,,,,
,,,,,,,,,,,,,,
,,,,,,,,,,,,,,
,,,,,,,,,,,,,,
,,,,,,,,,,,,,,
,,,,,,,,,H,,,,,I
,,,,,,,,,H,,,,,I
,,,,,,,,,,,,,,
,,,,,,,,,,,,,,
,,,,,,,,,,,,,,
,,,,,,,,,,,,,,
,,,,,,,,,,,,,,
,,,,,,,,,,,,,,
,,,,,,,,,,,,,,
,,,,,,,,,,,,,,
,,,,,,,,,,,,,,
,,,,,,,,,,,,,,
,,,,,,,,,,,,,,
,,,,,,,,,,,,,,
,,,,,,,,,,,,,,
,,,,,,,,,,,,,,A
,,,,,,,,,,,,,,A
,,,,,,,,,,,,,,A
,,,,,,,,,,,,,,A
,,,,,,,,,,,,,,A
,,,,,,,,,,,,,,A
,,,,,,,,,,,,,,A
,,,,,,,,,,,,,,
,,,,,,,,,,,,,,
,,,,,,,,,H,,,,,I
,,,,,,,,,H,,,,,I
,,,,,,,,,H,,,,,I
,,,,,,,,,H,,,,,I
,,,,,,,,,,,,,,A
,,,,,,,,,,,,,,I
,,,,,,,,,,,,,,A
,,,,,,,,,,,,,,A
,,,,,,,,,,,,,,I
,,,,,,,,,,,,,,A
,,,,,,,,,,,,,,I
,,,,,,,,,,,,,,A
,,,,,,,,,H,,,,,A
,,,,,,,,,H,,,,,A
,,,,,,,,,,,,,,
,,,,,,,,,,,,,,A
,,,,,,,,,,,,,,A
,,,,,,,,,,,,,,A
,,,,,,,,,,,,,,A
,,,,,,,,,,,,,,A
,,,,,,,,,,,,,,A
,,,,,,,,,,,,,,A
,,,,,,,,,,,,,,A
,,,,,,,,,,,,,,A
,,,,,,,,,,,,,,A
,,,,,,,,,,,,,,A
,,,,,,,,,,,,,,A
,,,,,,,,,,,,,,
,,,,,,,,,,,,,,
,,,,,,,,,,,,,,
,,,,,,,,,,,,,,I
,,,,,,,,,,,,,,
,,,,,,,,,,,,,,A
,,,,,,,,,,,,,,A
,,,,,,,,,,,,,,
,,,,,,,,,,,,,,
,,,,,,,,,,,,,,
,,,,,,,,,,,,,,
,,,,,,,,,,,,,,
,,,,,,,,,,,,,,
,,,,,,,,,,,,,,
,,,,,,,,,,,,,,
,,,,,,,,,,,,,,
,,,,,,,,,,,,,,
,,,,,,,,,,,,,,A
,,,,,,,,,,,,,,A
,,,,,,,,,,,,,,I
,,,,,,,,,,,,,,A
,,,,,,,,,,,,,,A
,,,,,,,,,,,,,,A
,,,,,,,,,,,,,,
,,,,,,,,,,,,,,
,,,,,,,,,,,,,,I
,,,,,,,,,,,,,,I
,,,,,,,,,,,,,,
,,,,,,,,,,,,,,
,,,,,,,,,,,,,,A
,,,,,,,,,,,,,,A
,,,,,,,,,,,,,,I
,,,,,,,,,H,,,,,A
,,,,,,,,,,,,,,A
,,,,,,,,,,,,,,A
,,,,,,,,,,,,,,
,,,,,,,,,,,,,,I
,,,,,,,,,,,,,,A
,,,,,,,,,,,,,,
,,,,,,,,,,,,,,A
,,,,,,,,,,,,,,A
,,,,,,,,,,,,,,A
,,,,,,,,,,,,,,A
,,,,,,,,,,,,,,A
,,,,,,,,,,,,,,A
,,,,,,,,,,,,,,A
,,,,,,,,,,,,,,A
,,,,,,,,,,,,,,A
,,,,,,,,,,,,,,A
,,,,,,,,,,,,,,
,,,,,,,,,,,,,,A
,,,,,,,,,,,,,,
,,,,,,,,,,,,,,A
,,,,,,,,,,,,,,
,,,,,,,,,,,,,,A
,,,,,,,,,,,,,,
,,,,,,,,,,,,,,A
,,,,,,,,,,,,,,
,,,,,,,,,H,,,,,A
,,,,,,,,,,,,,,
,,,,,,,,,,,,,,
,,,,,,,,,,,,,,
,,,,,,,,,,,,,,
,,,,,,,,,,,,,,
,,,,,,,,,,,,,,I
,,,,,,,,,,,,,,
,,,,,,,,,,,,,,I
,,,,,,,,,,,,,,I
,,,,,,,,,,,,,,A
,,,,,,,,,,,,,,A
,,,,,,,,,,,,,,
,,,,,,,,,,,,,,
,,,,,,,,,,,,,,
,,,,,,,,,,,,,,I
,,,,,,,,,,,,,,
,,,,,,,,,,,,,,
,,,,,,,,,,,,,,A
,,,,,,,,,,,,,,
,,,,,,,,,,,,,,
,,,,,,,,,,,,,,
,,,,,,,,,,,,,,
,,,,,,,,,,,,,,A
,,,,,,,,,,,,,,A
,,,,,,,,,,,,,,
,,,,,,,,,,,,,,
,,,,,,,,,,,,,,
,,,,,,,,,,,,,,
,,,,,,,,,,,,,,
,,,,,,,,,,,,,,A
,,,,,,,,,,,,,,A
,,,,,,,,,,,,,,
,,,,,,,,,,,,,,
,,,,,,,,,,,,,,A
,,,,,,,,,,,,,,A
,,,,,,,,,,,,,,A
,,,,,,,,,,,,,,I
,,,,,,,,,H,,,,,A
,,,,,,,,,,,,,,I
,,,,,,,,,,,,,,
,,,,,,,,,H,,,,,A
,,,,,,,,,,,,,,A
,,,,,,,,,,,,,,I
,,,,,,,,,,,,,,
,,,,,,,,,,,,,,
,,,,,,,,,,,,,,A
,,,,,,,,,,,,,,A
,,,,,,,,,,,,,,A
,,,,,,,,,,,,,,
,,,,,,,,,,,,,,
,,,,,,,,,,,,,,
,,,,,,,,,H,,,,,A
,,,,,,,,,,,,,,A
,,,,,,,,,,,,,,
,,,,,,,,,,,,,,
,,,,,,,,,,,,,,
,,,,,,,,,,,,,,A
,,,,,,,,,,,,,,
,,,,,,,,,,,,,,A
,,,,,,,,,H,,,,,A
,,,,,,,,,H,,,,,A
,,,,,,,,,,,,,,
,,,,,,,,,,,,,L,A
,,,,,,,,,,,,,L,A
,,,,,,,,,,,,,,A
,,,,,,,,,,,,,,A
,,,,,,,,,H,,,,,A
,,,,,,,,,,,,,,A
,,,,,,,,,,,,,,I
,,,,,,,,,,,,,,
,,,,,,,,,H,,,,,A
,,,,,,,,,,,,,,I
,,,,,,,,,,,,,,I
,,,,,,,,,,,,,,
,,,,,,,,,,,,,,
,,,,,,,,,,,,,,I
,,,,,,,,,,,,,,A
,,,,,,,,,,,,,,
,,,,,,,,,,,,,,A
,,,,,,,,,,,,,,A
,,,,,,,,,,,,,,
,,,,,,,,,,,,,,
,,,,,,,,,,,,,,A
,,,,,,,,,,,,,,A
,,,,,,,,,,,,,,A
,,,,,,,,,,,,,,
,,,,,,,,,,,,,,A
,,,,,,,,,H,,,,,A
,,,,,,,,,,,,,,A
,,,,,,,,,,,,,,A
,,,,,,,,,,,,,,
,,,,,,,,,,,,,,I
,,,,,,,,,,,,,,I
,,,,,,,,,,,,,,
,,,,,,,,,,,,,,I
,,,,,,,,,,,,,,I
,,,,,,,,,,,,,,
,,,,,,,,,,,,,,I
,,,,,,,,,,,,,L,A
,,,,,,,,,,,,,,
,,,,,,,,,,,,,,A
,,,,,,,,,,,,,,A
,,,,,,,,,,,,,,
,,,,,,,,,,,,,,A
,,,,,,,,,,,,,,A
,,,,,,,,,,,,,,
,,,,,,,,,,,,,,A
,,,,,,,,,,,,,,A
,,,,,,,,,,,,,,A
,,,,,,,,,,,,,,
,,,,,,,,,,,,,,
,,,,,,,,,,,,,,A
,,,,,,,,,,,,,,A
,,,,,,,,,,,,,,A
,,,,,,,,,,,,,,
,,,,,,,,,,,,,,A
,,,,,,,,,,,,,,
,,,,,,,,,,,,,,I
,,,,,,,,,,,,,,I
,,,,,,,,,,,,,,A
,,,,,,,,,,,,,,
,,,,,,,,,,,,,,A
,,,,,,,,,,,,,,A
,,,,,,,,,,,,,,
,,,,,,,,,,,,,,I
,,,,,,,,,,,,,,
,,,,,,,,,,,,,,
,,,,,,,,,,,,,,I
,,,,,,,,,,,,,,I
,,,,,,,,,,,,,,
,,,,,,,,,,,,,,I
,,,,,,,,,,,,,,I
,,,,,,,,,,,,,,
,,,,,,,,,,,,,,A
,,,,,,,,,,,,,,A
,,,,,,,,,,,,,,
,,,,,,,,,,,,,,
,,,,,,,,,,,,,,A
,,,,,,,,,,,,,,A
,,,,,,,,,,,,,,
,,,,,,,,,,,,,,
,,,,,,,,,H,,,,,A
,,,,,,,,,,,,,,
,,,,,,,,,,,,,,A
,,,,,,,,,H,,,,,A
,,,,,,,,,,,,,,A
,,,,,,,,,,,,,,A
,,,,,,,,,,,,,,
,,,,,,,,,,,,,,A
,,,,,,,,,,,,,,A
,,,,,,,,,,,,,,
,,,,,,,,,,,,,,
,,,,,,,,,,,,,,A
,,,,,,,,,,,,,,
,,,,,,,,,,,,,,I
,,,,,,,,,,,,,L,A
,,,,,,,,,,,,,L,A
,,,,,,,,,,,,,,A
,,,,,,,,,,,,,,A
,,,,,,,,,,,,,,
,,,,,,,,,,,,,,A
,,,,,,,,,,,,,L,A
,,,,,,,,,,,,,L,A
,,,,,,,,,,,,,L,A
,,,,,,,,,,,,,L,A
,,,,,,,,,,,,,,I
,,,,,,,,,,,,,,I
,,,,,,,,,,,,,,I
,,,,,,,,,,,,,,A
,,,,,,,,,,,,,,A
,,,,,,,,,,,,,,
,,,,,,,,,,,,,,
,,,,,,,,,,,,,,
,,,,,,,,,,,,,,
,,,,,,,,,,,,,,
,,,,,,,,,,,,,,
,,,,,,,,,,,,,,
,,,,,,,,,,,,,,A
,,,,,,,,,,,,,,A
,,,,,,,,,,,,,,A
,,,,,,,,,,,,,,A
,,,,,,,,,,,,,,A
,,,,,,,,,,,,,,
,,,,,,,,,,,,,,A
,,,,,,,,,,,,,,
,,,,,,,,,,,,,,
,,,,,,,,,,,,,,
,,,,,,,,,,,,,,A
,,,,,,,,,,,,,,
,,,,,,,,,,,,,,A
,,,,,,,,,,,,,,A
,,,,,,,,,,,,,,A
,,,,,,,,,,,,,,A
,,,,,,,,,,,,,,
,,,,,,,,,,,,,,
,,,,,,,,,,,,,,A
,,,,,,,,,,,,,,A
,,,,,,,,,,,,,,A
,,,,,,,,,,,,,,I
,,,,,,,,,,,,,,I
,,,,,,,,,H,,,,,A
,,,,,,,,,,,,,,A
,,,,,,,,,,,,,,
,,,,,,,,,,,,,,
,,,,,,,,,H,,,,,I
,,,,,,,,,H,,,,,I
,,,,,,,,,H,,,,,I
,,,,,,,,,,,,,,
,,,,,,,,,,,,,,I
,,,,,,,,,,,,,,A
,,,,,,,,,H,,,,,A
,,,,,,,,,,,,,,
,,,,,,,,,,,,,,
,,,,,,,,,,,,,,A
,,,,,,,,,,,,,,I
,,,,,,,,,H,,,,,A
,,,,,,,,,,,,,,A
,,,,,,,,,,,,,,
,,,,,,,,,,,,,,A
,,,,,,,,,,,,,,
,,,,,,,,,H,,,,,A
,,,,,,,,,,,,,,I
,,,,,,,,,,,,,,A
,,,,,,,,,,,,,,I
,,,,,,,,,,,,,,
,,,,,,,,,,,,,,
,,,,,,,,,,,,,,A
,,,,,,,,,H,,,,,A
,,,,,,,,,,,,,,
,,,,,,,,,,,,,,I
,,,,,,,,,H,,,,,A
,,,,,,,,,H,,,,,A
,,,,,,,,,,,,,,
,,,,,,,,,,,,,,I
,,,,,,,,,H,,,,,A
,,,,,,,,,,,,,,
,,,,,,,,,,,,,,A
,,,,,,,,,,,,,,A
,,,,,,,,,,,,,,
,,,,,,,,,,,,,,A
,,,,,,,,,,,,,,A
,,,,,,,,,,,,,,A
,,,,,,,,,,,,,,
,,,,,,,,,,,,,,
,,,,,,,,,,,,,L,A
,,,,,,,,,H,,,,,A
,,,,,,,,,,,,,,
,,,,,,,,,,,,,,A
,,,,,,,,,,,,,,
,,,,,,,,,,,,,,A
,,,,,,,,,,,,,,A
,,,,,,,,,,,,,,
,,,,,,,,,,,,,,
,,,,,,,,,,,,,,A
,,,,,,,,,,,,,,
,,,,,,,,,,,,,,A
,,,,,,,,,,,,,,I
,,,,,,,,,,,,,,I
,,,,,,,,,,,,,,
,,,,,,,,,,,,,,A
,,,,,,,,,,,,,,
,,,,,,,,,,,,,,
,,,,,,,,,,,,,,
,,,,,,,,,,,,,,
,,,,,,,,,,,,,,I
,,,,,,,,,,,,,,A
,,,,,,,,,,,,,,I
,,,,,,,,,,,,,,
,,,,,,,,,H,,,,,A
,,,,,,,,,,,,,,
,,,,,,,,,,,,,,
,,,,,,,,,,,,,,I
,,,,,,,,,,,,,,A
,,,,,,,,,,,,,,
,,,,,,,,,,,,,,
,,,,,,,,,,,,,,
,,,,,,,,,,,,,,A
,,,,,,,,,,,,,,
,,,,,,,,,,,,,,
,,,,,,,,,,,,,,
,,,,,,,,,,,,,,I
,,,,,,,,,,,,,,A
,,,,,,,,,,,,,,A
,,,,,,,,,H,,,,,A
,,,,,,,,,,,,,,A
,,,,,,,,,,,,,,
,,,,,,,,,,,,,,A
,,,,,,,,,,,,,,A
,,,,,,,,,,,,,,A
,,,,,,,,,,,,,,
,,,,,,,,,H,,,,,A
,,,,,,,,,,,,,,
,,,,,,,,,,,,,,
,,,,,,,,,,,,,,
,,,,,,,,,,,,,,
,,,,,,,,,,,,,,
,,,,,,,,,,,,,,
,,,,,,,,,,,,,,
,,,,,,,,,,,,,,
,,,,,,,,,,,,,,A
,,,,,,,,,,,,,,A
,,,,,,,,,,,,,,A
,,,,,,,,,,,,,,A
,,,,,,,,,,,,,,A
,,,,,,,,,,,,,,A
,,,,,,,,,,,,,,A
,,,,,,,,,,,,,,A
,,,,,,,,,,,,,,
,,,,,,,,,,,,,,I
,,,,,,,,,,,,,,
,,,,,,,,,,,,,,
,,,,,,,,,,,,,,
,,,,,,,,,,,,,,
,,,,,,,,,,,,,,
,,,,,,,,,,,,,,A
,,,,,,,,,,,,,,A
,,,,,,,,,,,,,,A
,,,,,,,,,,,,,,A
,,,,,,,,,,,,,,
,,,,,,,,,,,,,,
,,,,,,,,,,,,,,
,,,,,,,,,,,,,,
,,,,,,,,,H,,,,,A
,,,,,,,,,H,,,,,A
,,,,,,,,,,,,,,A
,,,,,,,,,,,,,,A
,,,,,,,,,,,,,,A
,,,,,,,,,,,,,,
,,,,,,,,,,,,,,I
,,,,,,,,,,,,,,
,,,,,,,,,,,,,,
,,,,,,,,,H,,,,,A
,,,,,,,,,,,,,,
,,,,,,,,,,,,,,
,,,,,,,,,,,,,,
,,,,,,,,,,,,,,
,,,,,,,,,,,,,,A
,,,,,,,,,,,,,,
,,,,,,,,,,,,,,A
,,,,,,,,,,,,,,A
,,,,,,,,,H,,,,,A
,,,,,,,,,H,,,,,A
,,,,,,,,,H,,,,,A
,,,,,,,,,,,,,,
,,,,,,,,,H,,,,,A
,,,,,,,,,H,,,,,A
,,,,,,,,,,,,,,A
,,,,,,,,,,,,,,A
,,,,,,,,,,,,,,
,,,,,,,,,,,,,,
,,,,,,,,,,,,,,A
,,,,,,,,,,,,,,I
,,,,,,,,,,,,,,
,,,,,,,,,,,,,,A
,,,,,,,,,,,,,,A
,,,,,,,,,,,,,,I
,,,,,,,,,,,,,,
,,,,,,,,,,,,,,I
,,,,,,,,,,,,,,A
,,,,,,,,,,,,,,
,,,,,,,,,,,,,,A
,,,,,,,,,,,,,,A
,,,,,,,,,,,,,,
,,,,,,,,,,,,,,
,,,,,,,,,,,,,,
,,,,,,,,,,,,,,
,,,,,,,,,,,,,,A
,,,,,,,,,,,,,,
,,,,,,,,,,,,,,
,,,,,,,,,,,,,,A
,,,,,,,,,,,,,,
,,,,,,,,,H,,,,,A
,,,,,,,,,,,,,,
,,,,,,,,,,,,,,A
,,,,,,,,,,,,,,
,,,,,,,,,,,,,,A
,,,,,,,,,,,,,,
,,,,,,,,,,,,,,I
,,,,,,,,,,,,,,A
,,,,,,,,,,,,,,A
,,,,,,,,,,,,,,A
,,,,,,,,,,,,,,A
,,,,,,,,,,,,,,A
,,,,,,,,,,,,,,I
,,,,,,,,,,,,,,
,,,,,,,,,,,,,,A
,,,,,,,,,,,,,,I
,,,,,,,,,,,,,,I
,,,,,,,,,,,,,,
,,,,,,,,,,,,,,A
,,,,,,,,,,,,,,A
,,,,,,,,,,,,,,A
,,,,,,,,,,,,,,
,,,,,,,,,,,,,,
,,,,,,,,,,,,,,
,,,,,,,,,,,,,,
,,,,,,,,,,,,,,A
,,,,,,,,,,,,,,A
,,,,,,,,,,,,,,
,,,,,,,,,H,,,,,A
,,,,,,,,,H,,,,,A
,,,,,,,,,,,,,,A
,,,,,,,,,,,,,,A
,,,,,,,,,,,,,,
,,,,,,,,,,,,,,A
,,,,,,,,,,,,,,
,,,,,,,,,,,,,,A
,,,,,,,,,,,,,,
,,,,,,,,,,,,,,A
,,,,,,,,,,,,,,
,,,,,,,,,,,,,,A
,,,,,,,,,,,,,,
,,,,,,,,,,,,,,
,,,,,,,,,,,,,,A
,,,,,,,,,,,,,,A
,,,,,,,,,,,,,,A
,,,,,,,,,,,,,,A
,,,,,,,,,,,,,,
,,,,,,,,,,,,,,
,,,,,,,,,,,,,,
,,,,,,,,,,,,,,A
,,,,,,,,,,,,,,
,,,,,,,,,,,,,,A
,,,,,,,,,,,,,,
,,,,,,,,,,,,,,A
,,,,,,,,,,,,,,A
,,,,,,,,,,,,,,A
,,,,,,,,,,,,,,A
,,,,,,,,,,,,,,
,,,,,,,,,,,,,,A
,,,,,,,,,,,,,,
,,,,,,,,,,,,,,
,,,,,,,,,,,,,,
,,,,,,,,,,,,,,
,,,,,,,,,,,,,,
,,,,,,,,,,,,,,A
,,,,,,,,,,,,,,A
,,,,,,,,,,,,,,A
,,,,,,,,,,,,,,
,,,,,,,,,,,,,,A
,,,,,,,,,,,,,,A
,,,,,,,,,,,,,,A
,,,,,,,,,,,,,,A
,,,,,,,,,,,,,,A
,,,,,,,,,,,,,,A
,,,,,,,,,,,,,,A
,,,,,,,,,,,,,,A
,,,,,,,,,,,,,,A
,,,,,,,,,,,,,,A
,,,,,,,,,H,,,,,A
,,,,,,,,,H,,,,,A
,,,,,,,,,H,,,,,A
,,,,,,,,,,,,,,
,,,,,,,,,,,,,,
,,,,,,,,,,,,,,A
,,,,,,,,,,,,,,A
,,,,,,,,,,,,,,A
,,,,,,,,,,,,,,A
,,,,,,,,,,,,,,A
,,,,,,,,,,,,,,A
,,,,,,,,,H,,,,,A
,,,,,,,,,H,,,,,A
,,,,,,,,,H,,,,,A
,,,,,,,,,H,,,,,A
,,,,,,,,,H,,,,,A
,,,,,,,,,H,,,,,A
,,,,,,,,,H,,,,,A
,,,,,,,,,H,,,,,A
,,,,,,,,,,,,,,
,,,,,,,,,,,,,,I
,,,,,,,,,,,,,,A
,,,,,,,,,,,,,,
,,,,,,,,,,,,,,
,,,,,,,,,,,,,,
,,,,,,,,,,,,,,
,,,,,,,,,,,,,,A
,,,,,,,,,,,,,,A
,,,,,,,,,,,,,,
,,,,,,,,,,,,,,
,,,,,,,,,,,,,,
,,,,,,,,,,,,,,
,,,,,,,,,,,,,,
,,,,,,,,,,,,,,
,,,,,,,,,,,,,,
,,,,,,,,,,,,,,
,,,,,,,,,,,,,,A
,,,,,,,,,,,,,,A
,,,,,,,,,,,,,,I
,,,,,,,,,,,,,,
,,,,,,,,,,,,,,A
,,,,,,,,,,,,,,
,,,,,,,,,,,,,,
,,,,,,,,,,,,,,
,,,,,,,,,,,,,,
,,,,,,,,,,,,,,
,,,,,,,,,,,,,,
,,,,,,,,,,,,,,
,,,,,,,,,,,,,,
,,,,,,,,,,,,,,
,,,,,,,,,,,,,,
,,,,,,,,,,,,,,A
,,,,,,,,,,,,,,A
,,,,,,,,,,,,,,A
,,,,,,,,,,,,,,A
,,,,,,,,,,,,,,A
,,,,,,,,,,,,,,A
,,,,,,,,,,,,,,A
,,,,,,,,,,,,,,A
,,,,,,,,,,,,,,A
,,,,,,,,,,,,,,A
,,,,,,,,,,,,,,A
,,,,,,,,,,,,,,A
,,,,,,,,,,,,,,
,,,,,,,,,,,,,,
,,,,,,,,,,,,,,
,,,,,,,,,,,,,,
,,,,,,,,,,,,,,
,,,,,,,,,,,,,,A
,,,,,,,,,,,,,,
,,,,,,,,,,,,,,
,,,,,,,,,,,,,,
,,,,,,,,,,,,,,
,,,,,,,,,,,,,,A
,,,,,,,,,,,,,,
,,,,,,,,,,,,,,
,,,,,,,,,,,,,,A
,,,,,,,,,,,,,,
,,,,,,,,,,,,,,
,,,,,,,,,,,,,,A
,,,,,,,,,,,,,,
,,,,,,,,,,,,,,I
,,,,,,,,,,,,,,I
,,,,,,,,,,,,,,
,,,,,,,,,,,,,,
,,,,,,,,,,,,,,
,,,,,,,,,,,,,,
,,,,,,,,,,,,,,
,,,,,,,,,,,,,,
,,,,,,,,,,,,,,A
,,,,,,,,,,,,,,
,,,,,,,,,,,,,,
,,,,,,,,,,,,,,
,,,,,,,,,,,,,,A
,,,,,,,,,,,,,,A
,,,,,,,,,,,,,,A
,,,,,,,,,,,,,,A
,,,,,,,,,,,,,,A
,,,,,,,,,,,,,,A
,,,,,,,,,,,,,,A
,,,,,,,,,,,,,,A
,,,,,,,,,,,,,,A
,,,,,,,,,,,,,,
,,,,,,,,,,,,,,
,,,,,,,,,,,,,,A
,,,,,,,,,,,,,,
,,,,,,,,,,,,,,I
,,,,,,,,,,,,,,I
,,,,,,,,,,,,,,
,,,,,,,,,,,,,,
,,,,,,,,,,,,,,
,,,,,,,,,,,,,,A
,,,,,,,,,,,,,,
,,,,,,,,,,,,,,
,,,,,,,,,,,,,,
,,,,,,,,,,,,,,
,,,,,,,,,,,,,,
,,,,,,,,,,,,,,
,,,,,,,,,,,,,,A
,,,,,,,,,,,,,,
,,,,,,,,,,,,,,A
,,,,,,,,,,,,,,
,,,,,,,,,,,,,,A
,,,,,,,,,,,,,,
,,,,,,,,,,,,,,A
,,,,,,,,,,,,,,
,,,,,,,,,,,,,,
,,,,,,,,,,,,,,A
,,,,,,,,,,,,,,
,,,,,,,,,,,,,,
,,,,,,,,,,,,,,
,,,,,,,,,,,,,,A
,,,,,,,,,,,,,,
,,,,,,,,,,,,,,
,,,,,,,,,,,,,,
,,,,,,,,,,,,,,A
,,,,,,,,,,,,,,
,,,,,,,,,,,,,,
,,,,,,,,,,,,,,
,,,,,,,,,,,,,,
,,,,,,,,,,,,,,A
,,,,,,,,,,,,,,
,,,,,,,,,,,,,,A
,,,,,,,,,,,,,,A
,,,,,,,,,,,,,,
,,,,,,,,,,,,,,A
,,,,,,,,,,,,,,
,,,,,,,,,,,,,,A
,,,,,,,,,,,,,,A
,,,,,,,,,,,,,,
,,,,,,,,,,,,,,
,,,,,,,,,,,,,,
,,,,,,,,,,,,,,
,,,,,,,,,,,,,,A
,,,,,,,,,,,,,,
,,,,,,,,,,,,,,I
,,,,,,,,,,,,,,
,,,,,,,,,,,,,,
,,,,,,,,,,,,,,
,,,,,,,,,,,,,,A
,,,,,,,,,,,,,,A
,,,,,,,,,,,,,,I
,,,,,,,,,,,,,,A
,,,,,,,,,,,,,,I
,,,,,,,,,,,,,,I
,,,,,,,,,,,,,,I
,,,,,,,,,,,,,,A
,,,,,,,,,,,,,,A
,,,,,,,,,,,,,,
,,,,,,,,,,,,,,A
,,,,,,,,,,,,,,A
,,,,,,,,,,,,,,A
,,,,,,,,,,,,,,
,,,,,,,,,,,,,,
,,,,,,,,,,,,,,
,,,,,,,,,,,,,,
,,,,,,,,,,,,,,
,,,,,,,,,,,,,,
,,,,,,,,,,,,,,A
,,,,,,,,,,,,,,A
,,,,,,,,,,,,,,A
,,,,,,,,,,,,,,
,,,,,,,,,,,,,,
,,,,,,,,,,,,,,A
,,,,,,,,,,,,,,
,,,,,,,,,,,,,,A
,,,,,,,,,,,,,,A
,,,,,,,,,,,,,,
,,,,,,,,,,,,,,
,,,,,,,,,H,,,,,A
,,,,,,,,,,,,,,I
,,,,,,,,,,,,,,I
,,,,,,,,,,,,,,I
,,,,,,,,,,,,,,I
,,,,,,,,,,,,,,I
,,,,,,,,,,,,,,I
,,,,,,,,,,,,,,I
,,,,,,,,,,,,,,I
,,,,,,,,,,,,,,I
,,,,,,,,,,,,,,I
,,,,,,,,,,,,,,I
,,,,,,,,,,,,,,I
,,,,,,,,,,,,,,I
,,,,,,,,,,,,,,I
,,,,,,,,,,,,,,I
,,,,,,,,,,,,,,I
,,,,,,,,,,,,,,I
,,,,,,,,,,,,,,I
,,,,,,,,,,,,,,I
,,,,,,,,,,,,,,I
,,,,,,,,,,,,,,I
,,,,,,,,,,,,,,I
,,,,,,,,,,,,,,I
,,,,,,,,,,,,,,I
,,,,,,,,,,,,,,I
,,,,,,,,,,,,,,I
,,,,,,,,,,,,,,I
,,,,,,,,,,,,,,I
,,,,,,,,,,,,,,I
,,,,,,,,,,,,,,I
,,,,,,,,,,,,,,I
,,,,,,,,,,,,,,I
,,,,,,,,,,,,,,I
,,,,,,,,,,,,,,I
,,,,,,,,,,,,,,
,,,,,,,,,,,,,,
,,,,,,,,,,,,,,
,,,,,,,,,,,,,,
,,,,,,,,,,,,,,I
,,,,,,,,,,,,,,
,,,,,,,,,,,,,,
,,,,,,,,,,,,,,A
,,,,,,,,,H,,,,,A
,,,,,,,,,,,,,,
,,,,,,,,,,,,,,A
,,,,,,,,,,,,,,
,,,,,,,,,,,,,,
,,,,,,,,,,,,,,
,,,,,,,,,,,,,,A
,,,,,,,,,,,,,,
,,,,,,,,,,,,,,A
,,,,,,,,,,,,,,A
,,,,,,,,,,,,,,
,,,,,,,,,,,,,,A
,,,,,,,,,,,,,,A
,,,,,,,,,,,,,,A
,,,,,,,,,,,,,,A
,,,,,,,,,,,,,,
,,,,,,,,,,,,,,A
,,,,,,,,,,,,,,A
,,,,,,,,,,,,,,
,,,,,,,,,,,,,,A
,,,,,,,,,,,,,,A
,,,,,,,,,,,,,,
,,,,,,,,,,,,,,I
,,,,,,,,,,,,,,I
,,,,,,,,,,,,,,
,,,,,,,,,,,,,,
,,,,,,,,,,,,,,
,,,,,,,,,,,,,,
,,,,,,,,,,,,,,
,,,,,,,,,,,,,,
,,,,,,,,,,,,,,
,,,,,,,,,,,,,,
,,,,,,,,,,,,,,A
,,,,,,,,,,,,,,
,,,,,,,,,H,,,,,A
,,,,,,,,,H,,,,,A
,,,,,,,,,H,,,,,A
,,,,,,,,,,,,,,A
,,,,,,,,,,,,,,
,,,,,,,,,,,,,,
,,,,,,,,,,,,,,
,,,,,,,,,,,,,,
,,,,,,,,,,,,,,
,,,,,,,,,,,,,,A
,,,,,,,,,,,,,,A
,,,,,,,,,,,,,,
,,,,,,,,,,,,,,A
,,,,,,,,,,,,,,A
,,,,,,,,,H,,,,,A
,,,,,,,,,H,,,,,A
,,,,,,,,,,,,,,A
,,,,,,,,,,,,,,
,,,,,,,,,,,,,,A
,,,,,,,,,,,,,,
,,,,,,,,,,,,,,
,,,,,,,,,,,,,,
,,,,,,,,,,,,,,A
,,,,,,,,,,,,,,
,,,,,,,,,,,,,,
,,,,,,,,,,,,,,A
,,,,,,,,,,,,,,A
,,,,,,,,,,,,,,
,,,,,,,,,,,,,,
,,,,,,,,,,,,,,
,,,,,,,,,,,,,,
,,,,,,,,,,,,,,
,,,,,,,,,,,,,,A
,,,,,,,,,,,,,,
,,,,,,,,,,,,,,
,,,,,,,,,,,,,,
,,,,,,,,,,,,,,
,,,,,,,,,,,,,,
,,,,,,,,,,,,,,A
,,,,,,,,,,,,,,
,,,,,,,,,,,,,,
,,,,,,,,,,,,,,A
,,,,,,,,,,,,,,A
,,,,,,,,,,,,,,A
,,,,,,,,,,,,,,A
,,,,,,,,,,,,,,
,,,,,,,,,,,,,,
,,,,,,,,,,,,,,A
,,,,,,,,,,,,,,A
,,,,,,,,,,,,,,
,,,,,,,,,,,,,,
,,,,,,,,,,,,,,A
,,,,,,,,,,,,,,A
,,,,,,,,,,,,,,A
,,,,,,,,,,,,,,A
,,,,,,,,,,,,,,A
,,,,,,,,,,,,,,A
,,,,,,,,,,,,,,A
,,,,,,,,,,,,,,A
,,,,,,,,,,,,,,A
,,,,,,,,,,,,,,
,,,,,,,,,,,,,,
,,,,,,,,,,,,,,A
,,,,,,,,,,,,,,
,,,,,,,,,,,,,,A
,,,,,,,,,,,,,,
,,,,,,,,,,,,,,A
,,,,,,,,,,,,,L,A
,,,,,,,,,,,,,L,A
,,,,,,,,,,,,,,
,,,,,,,,,,,,,,
,,,,,,,,,,,,,,A
,,,,,,,,,,,,,L,A
,,,,,,,,,,,,,,A
,,,,,,,,,,,,,,
,,,,,,,,,,,,,,
,,,,,,,,,,,,,,A
,,,,,,,,,,,,,,A
,,,,,,,,,,,,,,
,,,,,,,,,,,,,,
,,,,,,,,,,,,,,A
,,,,,,,,,,,,,,A
,,,,,,,,,,,,,,
,,,,,,,,,,,,,,A
,,,,,,,,,,,,,,
,,,,,,,,,,,,,,
,,,,,,,,,,,,,,
,,,,,,,,,,,,,,A
,,,,,,,,,,,,,,A
,,,,,,,,,,,,,,
,,,,,,,,,,,,,,A
,,,,,,,,,,,,,,
,,,,,,,,,,,,,,A
,,,,,,,,,,,,,,
,,,,,,,,,,,,,,
,,,,,,,,,,,,,,I
,,,,,,,,,,,,,,A
,,,,,,,,,,,,,,
,,,,,,,,,,,,,,
,,,,,,,,,,,,,,
,,,,,,,,,,,,,,
,,,,,,,,,,,,,,
,,,,,,,,,,,,,,
,,,,,,,,,,,,,,
,,,,,,,,,,,,,,
,,,,,,,,,,,,,,
,,,,,,,,,,,,,,A
,,,,,,,,,,,,,,
,,,,,,,,,,,,,,
,,,,,,,,,,,,,,
,,,,,,,,,H,,,,,A
,,,,,,,,,,,,,,
,,,,,,,,,,,,,,
,,,,,,,,,,,,,,
,,,,,,,,,,,,,,
,,,,,,,,,,,,,,
,,,,,,,,,,,,,,
,,,,,,,,,,,,,,
,,,,,,,,,,,,,,A
,,,,,,,,,,,,,L,A
,,,,,,,,,,,,,,
,,,,,,,,,,,,,,A
,,,,,,,,,,,,,,
,,,,,,,,,,,,,,
,,,,,,,,,,,,,,
,,,,,,,,,,,,,,A
,,,,,,,,,,,,,,
,,,,,,,,,,,,,,A
,,,,,,,,,,,,,,
,,,,,,,,,,,,,,A
,,,,,,,,,,,,,,A
,,,,,,,,,,,,,,
,,,,,,,,,,,,,,
,,,,,,,,,,,,,,
,,,,,,,,,,,,,,A
,,,,,,,,,,,,,,A
,,,,,,,,,,,,,,A
,,,,,,,,,,,,,,
,,,,,,,,,,,,,,
,,,,,,,,,,,,,,
,,,,,,,,,,,,,,
,,,,,,,,,,,,,,
,,,,,,,,,,,,,,
,,,,,,,,,,,,,,
,,,,,,,,,,,,,,A
,,,,,,,,,,,,,,
,,,,,,,,,,,,,L,A
,,,,,,,,,,,,,L,A
,,,,,,,,,,,,,,A
,,,,,,,,,,,,,,
,,,,,,,,,,,,,,
,,,,,,,,,,,,,,
,,,,,,,,,,,,,,A
,,,,,,,,,,,,,,
,,,,,,,,,,,,,,
,,,,,,,,,,,,,,
,,,,,,,,,,,,,,
,,,,,,,,,,,,,,
,,,,,,,,,,,,,,
,,,,,,,,,,,,,,A
,,,,,,,,,,,,,,
,,,,,,,,,,,,,,
,,,,,,,,,,,,,,
,,,,,,,,,,,,,,I
,,,,,,,,,,,,,,A
,,,,,,,,,,,,,,A
,,,,,,,,,,,,,,A
,,,,,,,,,,,,,,
,,,,,,,,,,,,,,
,,,,,,,,,,,,,,A
,,,,,,,,,,,,,,
,,,,,,,,,,,,,,
,,,,,,,,,,,,,,
,,,,,,,,,,,,,,
,,,,,,,,,,,,,,
,,,,,,,,,,,,,,A
,,,,,,,,,,,,,,I
,,,,,,,,,,,,,,
,,,,,,,,,,,,,,A
,,,,,,,,,,,,,,A
,,,,,,,,,H,,,,,A
,,,,,,,,,,,,,,A
,,,,,,,,,,,,,,
,,,,,,,,,,,,,,
,,,,,,,,,,,,,,
,,,,,,,,,,,,,,
,,,,,,,,,,,,,,
,,,,,,,,,,,,,,
,,,,,,,,,,,,,,
,,,,,,,,,,,,,,
,,,,,,,,,,,,,,A
,,,,,,,,,,,,,,A
,,,,,,,,,,,,,,A
,,,,,,,,,,,,,,A
,,,,,,,,,,,,,,A
,,,,,,,,,,,,,,
,,,,,,,,,,,,,,
,,,,,,,,,,,,,,
,,,,,,,,,,,,,,
,,,,,,,,,,,,,,
,,,,,,,,,,,,,,
,,,,,,,,,,,,,,
,,,,,,,,,,,,,,
,,,,,,,,,,,,,,
,,,,,,,,,,,,,,A
,,,,,,,,,,,,,,
,,,,,,,,,,,,,,A
,,,,,,,,,,,,,,A
,,,,,,,,,,,,,,
,,,,,,,,,,,,,,
,,,,,,,,,,,,,,
,,,,,,,,,,,,,,
,,,,,,,,,,,,,,A
,,,,,,,,,,,,,,
,,,,,,,,,,,,,,
,,,,,,,,,,,,,,
,,,,,,,,,,,,,,
,,,,,,,,,,,,,,
,,,,,,,,,,,,,,
,,,,,,,,,,,,,,
,,,,,,,,,,,,,,
,,,,,,,,,,,,,,I
,,,,,,,,,,,,,,I
,,,,,,,,,,,,,,
,,,,,,,,,,,,,,
,,,,,,,,,,,,,,
,,,,,,,,,,,,,,
,,,,,,,,,,,,,,A
,,,,,,,,,,,,,,A
,,,,,,,,,,,,,,
,,,,,,,,,,,,,,
,,,,,,,,,,,,,,
,,,,,,,,,,,,,,
,,,,,,,,,,,,,,
,,,,,,,,,,,,,,
,,,,,,,,,H,,,,,A
,,,,,,,,,H,,,,,A
,,,,,,,,,,,,,,A
,,,,,,,,,,,,,,A
,,,,,,,,,,,,,,
,,,,,,,,,,,,,,A
,,,,,,,,,,,,,,A
,,,,,,,,,,,,,,A
,,,,,,,,,,,,,,A
,,,,,,,,,,,,,,A
,,,,,,,,,,,,,,A
,,,,,,,,,,,,,,A
,,,,,,,,,,,,,,A
,,,,,,,,,,,,,,A
,,,,,,,,,,,,,,
,,,,,,,,,,,,,,
,,,,,,,,,,,,,,
,,,,,,,,,,,,,,
,,,,,,,,,,,,,,
,,,,,,,,,,,,,,
,,,,,,,,,,,,,,
,,,,,,,,,,,,,,
,,,,,,,,,,,,,,A
,,,,,,,,,,,,,,A
,,,,,,,,,,,,,,A
,,,,,,,,,,,,,,
,,,,,,,,,,,,,,A
,,,,,,,,,,,,,,A
,,,,,,,,,,,,,,
,,,,,,,,,,,,,,
,,,,,,,,,,,,,,A
,,,,,,,,,,,,,,A
,,,,,,,,,,,,,,A
,,,,,,,,,,,,,,A
,,,,,,,,,,,,,,A
,,,,,,,,,,,,,,A
,,,,,,,,,,,,,,
,,,,,,,,,,,,,,A
,,,,,,,,,,,,,,A
,,,,,,,,,,,,,,A
,,,,,,,,,,,,,,A
,,,,,,,,,,,,,,A
,,,,,,,,,,,,,,A
,,,,,,,,,,,,,,
,,,,,,,,,,,,,,A
,,,,,,,,,,,,,,
,,,,,,,,,,,,,,A
,,,,,,,,,,,,,,A
,,,,,,,,,,,,,,
,,,,,,,,,,,,,,
,,,,,,,,,,,,,,
,,,,,,,,,,,,,,A
,,,,,,,,,,,,,,A
,,,,,,,,,,,,,,
,,,,,,,,,,,,,,A
,,,,,,,,,,,,,,A
,,,,,,,,,,,,,,A
,,,,,,,,,,,,,,A
,,,,,,,,,,,,,,
,,,,,,,,,,,,,,
,,,,,,,,,,,,,,A
,,,,,,,,,,,,,,A
,,,,,,,,,,,,,,A
,,,,,,,,,,,,,,A
,,,,,,,,,,,,,,A
,,,,,,,,,,,,,,
,,,,,,,,,,,,,,A
,,,,,,,,,,,,,,A
,,,,,,,,,,,,,,A
,,,,,,,,,,,,,,
,,,,,,,,,,,,,,A
,,,,,,,,,,,,,,A
,,,,,,,,,,,,,,A
,,,,,,,,,,,,,,
,,,,,,,,,,,,,,A
,,,,,,,,,,,,,,A
,,,,,,,,,,,,,,A
,,,,,,,,,,,,,,
,,,,,,,,,,,,,,A
,,,,,,,,,,,,,,A
,,,,,,,,,,,,,,
,,,,,,,,,,,,,,A
,,,,,,,,,,,,,,A
,,,,,,,,,,,,,,A
,,,,,,,,,,,,,,A
,,,,,,,,,,,,,,A
,,,,,,,,,,,,,,A
,,,,,,,,,,,,,,A
,,,,,,,,,,,,,,A
,,,,,,,,,,,,,,A
,,,,,,,,,,,,,,A
,,,,,,,,,,,,,,A
,,,,,,,,,,,,,,
,,,,,,,,,,,,,,
,,,,,,,,,,,,,,
,,,,,,,,,,,,,,A
,,,,,,,,,,,,,,
,,,,,,,,,,,,,,A
,,,,,,,,,,,,,,A
,,,,,,,,,,,,,,A
,,,,,,,,,,,,,,
,,,,,,,,,,,,,,A
,,,,,,,,,,,,,,A
,,,,,,,,,,,,,,
,,,,,,,,,,,,,,A
,,,,,,,,,,,,,,A
,,,,,,,,,,,,,,A
,,,,,,,,,,,,,,A
,,,,,,,,,,,,,,A
,,,,,,,,,,,,,,
,,,,,,,,,,,,,,A
,,,,,,,,,,,,,,A
,,,,,,,,,,,,,,A
,,,,,,,,,,,,,,
,,,,,,,,,,,,,,A
,,,,,,,,,,,,,,A
,,,,,,,,,,,,,,A
,,,,,,,,,,,,,,I
,,,,,,,,,,,,,,I
,,,,,,,,,,,,,,
,,,,,,,,,,,,,,
,,,,,,,,,,,,,,A
,,,,,,,,,,,,,,A
,,,,,,,,,,,,,,A
,,,,,,,,,,,,,,
,,,,,,,,,,,,,,
,,,,,,,,,,,,,,A
,,,,,,,,,,,,,,
,,,,,,,,,,,,,,
,,,,,,,,,H,,,,,A
,,,,,,,,,,,,,,
,,,,,,,,,,,,,,A
,,,,,,,,,,,,,,
,,,,,,,,,,,,,,
,,,,,,,,,,,,,,A
,,,,,,,,,,,,,,A
,,,,,,,,,,,,,,A
,,,,,,,,,,,,,,A
,,,,,,,,,,,,,,A
,,,,,,,,,,,,,,A
,,,,,,,,,,,,,,
,,,,,,,,,,,,,,A
,,,,,,,,,,,,,,A
,,,,,,,,,,,,,,A
,,,,,,,,,,,,,,A
,,,,,,,,,,,,,,A
,,,,,,,,,,,,,,
,,,,,,,,,,,,,,A
,,,,,,,,,,,,,,A
,,,,,,,,,,,,,,A
,,,,,,,,,,,,,,
,,,,,,,,,,,,,,
,,,,,,,,,,,,,,A
,,,,,,,,,,,,,,A
,,,,,,,,,,,,,,A
,,,,,,,,,,,,,,A
,,,,,,,,,,,,,,A
,,,,,,,,,,,,,,
,,,,,,,,,,,,,,A
,,,,,,,,,,,,,,A
,,,,,,,,,,,,,,A
,,,,,,,,,,,,,,A
,,,,,,,,,,,,,,A
,,,,,,,,,,,,,,
,,,,,,,,,,,,,,A
,,,,,,,,,,,,,,A
,,,,,,,,,,,,,,A
,,,,,,,,,,,,,,A
,,,,,,,,,,,,,,A
,,,,,,,,,,,,,,A
,,,,,,,,,,,,,,A
,,,,,,,,,,,,,,A
,,,,,,,,,,,,,,A
,,,,,,,,,,,,,,A
,,,,,,,,,,,,,,A
,,,,,,,,,,,,,,A
,,,,,,,,,,,,,,A
,,,,,,,,,,,,,,A
,,,,,,,,,,,,,,A
,,,,,,,,,,,,,,A
,,,,,,,,,,,,,,A
,,,,,,,,,,,,,,A
,,,,,,,,,,,,,,
,,,,,,,,,,,,,,A
,,,,,,,,,,,,,,A
,,,,,,,,,,,,,,A
,,,,,,,,,,,,,,A
,,,,,,,,,,,,,,A
,,,,,,,,,,,,,,A
,,,,,,,,,,,,,,A
,,,,,,,,,,,,,,A
,,,,,,,,,,,,,,A
,,,,,,,,,,,,,,A
,,,,,,,,,,,,,,A
,,,,,,,,,,,,,,A
,,,,,,,,,,,,,,A
,,,,,,,,,,,,,,A
,,,,,,,,,,,,,,A
,,,,,,,,,,,,,,A
,,,,,,,,,,,,,,A
,,,,,,,,,,,,,,A
,,,,,,,,,H,,,,,A
,,,,,,,,,,,,,,
,,,,,,,,,,,,,,A
,,,,,,,,,,,,,,A
,,,,,,,,,,,,,,A
,,,,,,,,,,,,,,A
,,,,,,,,,,,,,,A
,,,,,,,,,,,,,,A
,,,,,,,,,,,,,,A
,,,,,,,,,,,,,,A
,,,,,,,,,,,,,,A
,,,,,,,,,,,,,,A
,,,,,,,,,,,,,,A
,,,,,,,,,,,,,,A
,,,,,,,,,,,,,,A
,,,,,,,,,,,,,,A
,,,,,,,,,,,,,,A
,,,,,,,,,,,,,,A
,,,,,,,,,,,,,,A
,,,,,,,,,,,,,,A
,,,,,,,,,,,,,,A
,,,,,,,,,,,,,,A
,,,,,,,,,,,,,,A
,,,,,,,,,,,,,,A
,,,,,,,,,,,,,,A
,,,,,,,,,,,,,,A
,,,,,,,,,,,,,,A
,,,,,,,,,,,,,,A
,,,,,,,,,,,,,,A
,,,,,,,,,,,,,,A
,,,,,,,,,,,,,,A
,,,,,,,,,,,,,,A
,,,,,,,,,,,,,,A
,,,,,,,,,,,,,,A
,,,,,,,,,,,,,,A
,,,,,,,,,,,,,,A
,,,,,,,,,,,,,,A
,,,,,,,,,,,,,,A
,,,,,,,,,,,,,,A
,,,,,,,,,,,,,,A
,,,,,,,,,,,,,,A
,,,,,,,,,,,,,,
,,,,,,,,,,,,,,A
,,,,,,,,,,,,,,I
,,,,,,,,,,,,,,A
,,,,,,,,,,,,,,A
,,,,,,,,,,,,,,A
,,,,,,,,,,,,,,A
,,,,,,,,,,,,,,A
,,,,,,,,,,,,,,A
,,,,,,,,,,,,,,A
,,,,,,,,,,,,,,A
,,,,,,,,,,,,,,A
,,,,,,,,,,,,,,A
,,,,,,,,,,,,,,A
,,,,,,,,,,,,,,A
,,,,,,,,,,,,,,A
,,,,,,,,,,,,,,A
,,,,,,,,,,,,,,A
,,,,,,,,,,,,,,A
,,,,,,,,,,,,,,A
,,,,,,,,,,,,,,A
,,,,,,,,,,,,,,
,,,,,,,,,,,,,,A
,,,,,,,,,,,,,,A
,,,,,,,,,,,,,,A
,,,,,,,,,,,,,,A
,,,,,,,,,,,,,,A
,,,,,,,,,,,,,,A
,,,,,,,,,,,,,,A
,,,,,,,,,,,,,,A
,,,,,,,,,,,,,,A
,,,,,,,,,,,,,,A
,,,,,,,,,,,,,,A
,,,,,,,,,,,,,,A
,,,,,,,,,,,,,,A
,,,,,,,,,,,,,,A
,,,,,,,,,,,,,,A
,,,,,,,,,,,,,,A
,,,,,,,,,,,,,,A
,,,,,,,,,,,,,,A
,,,,,,,,,,,,,,
,,,,,,,,,,,,,,A
,,,,,,,,,,,,,,A
,,,,,,,,,,,,,,A
,,,,,,,,,,,,,,A
,,,,,,,,,,,,,,A
,,,,,,,,,,,,,,A
,,,,,,,,,,,,,,A
,,,,,,,,,,,,,,A
,,,,,,,,,,,,,,A
,,,,,,,,,,,,,,A
,,,,,,,,,,,,,,A
,,,,,,,,,,,,,,A
,,,,,,,,,,,,,,A
,,,,,,,,,,,,,,A
,,,,,,,,,,,,,,A
,,,,,,,,,,,,,,A
,,,,,,,,,,,,,,A
,,,,,,,,,,,,,,A
,,,,,,,,,,,,,,
,,,,,,,,,,,,,,A
,,,,,,,,,,,,,,
,,,,,,,,,,,,,,A
,,,,,,,,,,,,,,A
,,,,,,,,,,,,,,A
,,,,,,,,,,,,,,A
,,,,,,,,,,,,,,A
,,,,,,,,,,,,,,A
,,,,,,,,,,,,,,A
,,,,,,,,,,,,,,A
,,,,,,,,,,,,,,A
,,,,,,,,,,,,,,A
,,,,,,,,,,,,,,A
,,,,,,,,,,,,,,A
,,,,,,,,,,,,,,A
,,,,,,,,,,,,,,A
,,,,,,,,,,,,,,A
,,,,,,,,,,,,,,A
,,,,,,,,,,,,,,A
,,,,,,,,,,,,,,A
,,,,,,,,,,,,,,A
,,,,,,,,,,,,,,A
,,,,,,,,,,,,,,A
,,,,,,,,,,,,,,A
,,,,,,,,,,,,,,A
,,,,,,,,,,,,,,A
,,,,,,,,,,,,,,A
,,,,,,,,,,,,,,I
,,,,,,,,,,,,,,A
,,,,,,,,,,,,,,A
,,,,,,,,,,,,,,A
,,,,,,,,,,,,,,A
,,,,,,,,,,,,,,A
,,,,,,,,,,,,,,A
,,,,,,,,,,,,,,A
,,,,,,,,,,,,,,A
,,,,,,,,,,,,,,A
,,,,,,,,,,,,,,A
,,,,,,,,,,,,,,
,,,,,,,,,,,,,,
,,,,,,,,,,,,,,
,,,,,,,,,,,,,,
,,,,,,,,,,,,,,
,,,,,,,,,,,,,,
,,,,,,,,,,,,,,
,,,,,,,,,,,,,,
,,,,,,,,,,,,,,
,,,,,,,,,,,,,,
,,,,,,,,,,,,,,
,,,,,,,,,,,,,,
,,,,,,,,,,,,,,
,,,,,,,,,,,,,,
,,,,,,,,,,,,,,
,,,,,,,,,,,,,,
,,,,,,,,,,,,,,
,,,,,,,,,,,,,,
,,,,,,,,,,,,,,
,,,,,,,,,,,,,,
,,,,,,,,,,,,,,
,,,,,,,,,,,,,,
,,,,,,,,,,,,,,
,,,,,,,,,,,,,,
,,,,,,,,,,,,,,
,,,,,,,,,,,,,,
,,,,,,,,,,,,,,
,,,,,,,,,,,,,,
,,,,,,,,,,,,,,
,,,,,,,,,,,,,,
,,,,,,,,,,,,,,
,,,,,,,,,,,,,,
,,,,,,,,,,,,,,
,,,,,,,,,,,,,,
,,,,,,,,,,,,,,
,,,,,,,,,,,,,,
,,,,,,,,,,,,,,
,,,,,,,,,,,,,,
,,,,,,,,,,,,,,
,,,,,,,,,,,,,,
,,,,,,,,,,,,,,
,,,,,,,,,,,,,,
,,,,,,,,,,,,,,
,,,,,,,,,,,,,,
,,,,,,,,,,,,,,
,,,,,,,,,,,,,,
,,,,,,,,,,,,,,
,,,,,,,,,,,,,,
,,,,,,,,,,,,,,
,,,,,,,,,,,,,,
,,,,,,,,,,,,,,
,,,,,,,,,,,,,,
,,,,,,,,,,,,,,
,,,,,,,,,,,,,,
,,,,,,,,,,,,,,
,,,,,,,,,,,,,,
,,,,,,,,,,,,,,
,,,,,,,,,,,,,,
,,,,,,,,,,,,,,
,,,,,,,,,,,,,,
,,,,,,,,,,,,,,
,,,,,,,,,,,,,,
,,,,,,,,,,,,,,
,,,,,,,,,,,,,,
,,,,,,,,,,,,,,
,,,,,,,,,,,,,,
,,,,,,,,,,,,,,
,,,,,,,,,,,,,,
,,,,,,,,,,,,,,
,,,,,,,,,,,,,,
,,,,,,,,,,,,,,
,,,,,,,,,,,,,,
,,,,,,,,,,,,,,
,,,,,,,,,,,,,,
,,,,,,,,,,,,,,
,,,,,,,,,,,,,,
,,,,,,,,,,,,,,
,,,,,,,,,,,,,,
,,,,,,,,,,,,,,
,,,,,,,,,,,,,,
,,,,,,,,,,,,,,
,,,,,,,,,,,,,,
,,,,,,,,,,,,,,
,,,,,,,,,,,,,,
,,,,,,,,,,,,,,
,,,,,,,,,,,,,,
,,,,,,,,,,,,,,
,,,,,,,,,,,,,,
,,,,,,,,,,,,,,
,,,,,,,,,,,,,,
,,,,,,,,,,,,,,
,,,,,,,,,,,,,,
,,,,,,,,,,,,,,
,,,,,,,,,,,,,,
,,,,,,,,,,,,,,
,,,,,,,,,,,,,,
,,,,,,,,,,,,,,
,,,,,,,,,,,,,,
,,,,,,,,,,,,,,
,,,,,,,,,,,,,,
,,,,,,,,,,,,,,
,,,,,,,,,,,,,,
,,,,,,,,,,,,,,
,,,,,,,,,,,,,,
,,,,,,,,,,,,,,
,,,,,,,,,,,,,,
,,,,,,,,,,,,,,
,,,,,,,,,,,,,,
,,,,,,,,,,,,,,
,,,,,,,,,,,,,,
,,,,,,,,,,,,,,
,,,,,,,,,,,,,,
,,,,,,,,,,,,,,
,,,,,,,,,,,,,,
,,,,,,,,,,,,,,
,,,,,,,,,,,,,,
,,,,,,,,,,,,,,
,,,,,,,,,,,,,,
,,,,,,,,,,,,,,
,,,,,,,,,,,,,,
,,,,,,,,,,,,,,
,,,,,,,,,,,,,,
,,,,,,,,,,,,,,
,,,,,,,,,,,,,,
,,,,,,,,,,,,,,
,,,,,,,,,,,,,,
,,,,,,,,,,,,,,
,,,,,,,,,,,,,,
,,,,,,,,,,,,,,
,,,,,,,,,,,,,,
,,,,,,,,,,,,,,
,,,,,,,,,,,,,,
,,,,,,,,,,,,,,
,,,,,,,,,,,,,,
,,,,,,,,,,,,,,
,,,,,,,,,,,,,,
,,,,,,,,,,,,,,
,,,,,,,,,,,,,,
,,,,,,,,,,,,,,
,,,,,,,,,,,,,,
,,,,,,,,,,,,,,
,,,,,,,,,,,,,,
,,,,,,,,,,,,,,
,,,,,,,,,,,,,,
,,,,,,,,,,,,,,
,,,,,,,,,,,,,,
,,,,,,,,,,,,,,
,,,,,,,,,,,,,,
,,,,,,,,,,,,,,
,,,,,,,,,,,,,,
,,,,,,,,,,,,,,
,,,,,,,,,,,,,,
,,,,,,,,,,,,,,
,,,,,,,,,,,,,,
,,,,,,,,,,,,,,
,,,,,,,,,,,,,,
,,,,,,,,,,,,,,
,,,,,,,,,,,,,,
,,,,,,,,,,,,,,
,,,,,,,,,,,,,,
,,,,,,,,,,,,,,
,,,,,,,,,,,,,,
,,,,,,,,,,,,,,
,,,,,,,,,,,,,,
,,,,,,,,,,,,,,
,,,,,,,,,,,,,,
,,,,,,,,,,,,,,
,,,,,,,,,,,,,,
,,,,,,,,,,,,,,
,,,,,,,,,,,,,,
,,,,,,,,,,,,,,
,,,,,,,,,,,,,,
,,,,,,,,,,,,,,
,,,,,,,,,,,,,,
,,,,,,,,,,,,,,
,,,,,,,,,,,,,,
,,,,,,,,,,,,,,
,,,,,,,,,,,,,,
,,,,,,,,,,,,,,
,,,,,,,,,,,,,,
,,,,,,,,,,,,,,
,,,,,,,,,,,,,,
,,,,,,,,,,,,,,
,,,,,,,,,,,,,,
,,,,,,,,,,,,,,
,,,,,,,,,,,,,,
,,,,,,,,,,,,,,
,,,,,,,,,,,,,,
,,,,,,,,,,,,,,
,,,,,,,,,,,,,,
,,,,,,,,,,,,,,
,,,,,,,,,,,,,,
,,,,,,,,,,,,,,
,,,,,,,,,,,,,,
,,,,,,,,,,,,,,
,,,,,,,,,,,,,,
,,,,,,,,,,,,,,
,,,,,,,,,,,,,,
,,,,,,,,,,,,,,
,,,,,,,,,,,,,,
,,,,,,,,,,,,,,
,,,,,,,,,,,,,,
,,,,,,,,,,,,,,
,,,,,,,,,,,,,,
,,,,,,,,,,,,,,
,,,,,,,,,,,,,,
,,,,,,,,,,,,,,
,,,,,,,,,,,,,,
,,,,,,,,,,,,,,
,,,,,,,,,,,,,,
,,,,,,,,,,,,,,
,,,,,,,,,,,,,,
,,,,,,,,,,,,,,
,,,,,,,,,,,,,,
,,,,,,,,,,,,,,
,,,,,,,,,,,,,,
,,,,,,,,,,,,,,
,,,,,,,,,,,,,,
,,,,,,,,,,,,,,
,,,,,,,,,,,,,,
,,,,,,,,,,,,,,
,,,,,,,,,,,,,,
,,,,,,,,,,,,,,
,,,,,,,,,,,,,,
,,,,,,,,,,,,,,
,,,,,,,,,,,,,,
,,,,,,,,,,,,,,
,,,,,,,,,,,,,,
,,,,,,,,,,,,,,
,,,,,,,,,,,,,,
,,,,,,,,,,,,,,
,,,,,,,,,,,,,,
,,,,,,,,,,,,,,
,,,,,,,,,,,,,,
,,,,,,,,,,,,,,
,,,,,,,,,,,,,,
,,,,,,,,,,,,,,
,,,,,,,,,,,,,,
,,,,,,,,,,,,,,
,,,,,,,,,,,,,,
,,,,,,,,,,,,,,
,,,,,,,,,,,,,,
,,,,,,,,,,,,,,
,,,,,,,,,,,,,,
,,,,,,,,,,,,,,
,,,,,,,,,,,,,,
,,,,,,,,,,,,,,
,,,,,,,,,,,,,,
,,,,,,,,,,,,,,
,,,,,,,,,,,,,,
,,,,,,,,,,,,,,
,,,,,,,,,,,,,,
,,,,,,,,,,,,,,
,,,,,,,,,,,,,,
,,,,,,,,,,,,,,
,,,,,,,,,,,,,,
,,,,,,,,,,,,,,
,,,,,,,,,,,,,,
,,,,,,,,,,,,,,
,,,,,,,,,,,,,,
,,,,,,,,,,,,,,
,,,,,,,,,,,,,,
,,,,,,,,,,,,,,
,,,,,,,,,,,,,,
,,,,,,,,,,,,,,
,,,,,,,,,,,,,,
,,,,,,,,,,,,,,
,,,,,,,,,,,,,,
,,,,,,,,,,,,,,
,,,,,,,,,,,,,,
,,,,,,,,,,,,,,
,,,,,,,,,,,,,,
,,,,,,,,,,,,,,
,,,,,,,,,,,,,,
,,,,,,,,,,,,,,
,,,,,,,,,,,,,,
,,,,,,,,,,,,,,
,,,,,,,,,,,,,,
,,,,,,,,,,,,,,
,,,,,,,,,,,,,,
,,,,,,,,,,,,,,
,,,,,,,,,,,,,,
,,,,,,,,,,,,,,
,,,,,,,,,,,,,,
,,,,,,,,,,,,,,
,,,,,,,,,,,,,,
,,,,,,,,,,,,,,
,,,,,,,,,,,,,,
,,,,,,,,,,,,,,
,,,,,,,,,,,,,,
,,,,,,,,,,,,,,
,,,,,,,,,,,,,,
,,,,,,,,,,,,,,
,,,,,,,,,,,,,,
,,,,,,,,,,,,,,
,,,,,,,,,,,,,,
,,,,,,,,,,,,,,
,,,,,,,,,,,,,,
,,,,,,,,,,,,,,
,,,,,,,,,,,,,,
,,,,,,,,,,,,,,
,,,,,,,,,,,,,,
,,,,,,,,,,,,,,
,,,,,,,,,,,,,,
,,,,,,,,,,,,,,
,,,,,,,,,,,,,,
,,,,,,,,,,,,,,
,,,,,,,,,,,,,,
,,,,,,,,,,,,,,
,,,,,,,,,,,,,,
,,,,,,,,,,,,,,
,,,,,,,,,,,,,,
,,,,,,,,,,,,,,
,,,,,,,,,,,,,,
,,,,,,,,,,,,,,
,,,,,,,,,,,,,,
,,,,,,,,,,,,,,
,,,,,,,,,,,,,,
,,,,,,,,,,,,,,
,,,,,,,,,,,,,,
,,,,,,,,,,,,,,
,,,,,,,,,,,,,,
,,,,,,,,,,,,,,
,,,,,,,,,,,,,,
,,,,,,,,,,,,,,
,,,,,,,,,,,,,,
,,,,,,,,,,,,,,
,,,,,,,,,,,,,,
,,,,,,,,,,,,,,
,,,,,,,,,,,,,,
,,,,,,,,,,,,,,
,,,,,,,,,,,,,,
,,,,,,,,,,,,,,
,,,,,,,,,,,,,,
,,,,,,,,,,,,,,
,,,,,,,,,,,,,,
,,,,,,,,,,,,,,
,,,,,,,,,,,,,,
,,,,,,,,,,,,,,
,,,,,,,,,,,,,,
,,,,,,,,,,,,,,
,,,,,,,,,,,,,,
,,,,,,,,,,,,,,
,,,,,,,,,,,,,,
,,,,,,,,,,,,,,
,,,,,,,,,,,,,,
,,,,,,,,,,,,,,
,,,,,,,,,,,,,,
,,,,,,,,,,,,,,
,,,,,,,,,,,,,,
,,,,,,,,,,,,,,
,,,,,,,,,,,,,,
,,,,,,,,,,,,,,
,,,,,,,,,,,,,,
,,,,,,,,,,,,,,
,,,,,,,,,,,,,,
,,,,,,,,,,,,,,
,,,,,,,,,,,,,,
,,,,,,,,,,,,,,
,,,,,,,,,,,,,,
,,,,,,,,,,,,,,
,,,,,,,,,,,,,,
,,,,,,,,,,,,,,
,,,,,,,,,,,,,,
,,,,,,,,,,,,,,
,,,,,,,,,,,,,,
,,,,,,,,,,,,,,
,,,,,,,,,,,,,,
,,,,,,,,,,,,,,
,,,,,,,,,,,,,,
,,,,,,,,,,,,,,
,,,,,,,,,,,,,,
,,,,,,,,,,,,,,
,,,,,,,,,,,,,,
,,,,,,,,,,,,,,
,,,,,,,,,,,,,,
,,,,,,,,,,,,,,
,,,,,,,,,,,,,,
,,,,,,,,,,,,,,
,,,,,,,,,,,,,,
,,,,,,,,,,,,,,
,,,,,,,,,,,,,,
,,,,,,,,,,,,,,
,,,,,,,,,,,,,,
,,,,,,,,,,,,,,
,,,,,,,,,,,,,,
,,,,,,,,,,,,,,
,,,,,,,,,,,,,,
,,,,,,,,,,,,,,
,,,,,,,,,,,,,,
,,,,,,,,,,,,,,
,,,,,,,,,,,,,,
,,,,,,,,,,,,,,
,,,,,,,,,,,,,,
,,,,,,,,,,,,,,
,,,,,,,,,,,,,,
,,,,,,,,,,,,,,
,,,,,,,,,,,,,,
,,,,,,,,,,,,,,
,,,,,,,,,,,,,,
,,,,,,,,,,,,,,
,,,,,,,,,,,,,,
,,,,,,,,,,,,,,
,,,,,,,,,,,,,,
,,,,,,,,,,,,,,
,,,,,,,,,,,,,,
,,,,,,,,,,,,,,
,,,,,,,,,,,,,,
,,,,,,,,,,,,,,
,,,,,,,,,,,,,,
,,,,,,,,,,,,,,
,,,,,,,,,,,,,,
,,,,,,,,,,,,,,
,,,,,,,,,,,,,,
,,,,,,,,,,,,,,
,,,,,,,,,,,,,,
,,,,,,,,,,,,,,
,,,,,,,,,,,,,,
,,,,,,,,,,,,,,
,,,,,,,,,,,,,,
,,,,,,,,,,,,,,
,,,,,,,,,,,,,,
,,,,,,,,,,,,,,
,,,,,,,,,,,,,,
,,,,,,,,,,,,,,
,,,,,,,,,,,,,,
,,,,,,,,,,,,,,
,,,,,,,,,,,,,,
,,,,,,,,,,,,,,
,,,,,,,,,,,,,,
,,,,,,,,,,,,,,
,,,,,,,,,,,,,,
,,,,,,,,,,,,,,
,,,,,,,,,,,,,,
,,,,,,,,,,,,,,
,,,,,,,,,,,,,,
,,,,,,,,,,,,,,
,,,,,,,,,,,,,,
,,,,,,,,,,,,,,
,,,,,,,,,,,,,,
,,,,,,,,,,,,,,
,,,,,,,,,,,,,,
,,,,,,,,,,,,,,
,,,,,,,,,,,,,,
,,,,,,,,,,,,,,
,,,,,,,,,,,,,,
,,,,,,,,,,,,,,
,,,,,,,,,,,,,,
,,,,,,,,,,,,,,
,,,,,,,,,,,,,,
,,,,,,,,,,,,,,
,,,,,,,,,,,,,,
,,,,,,,,,,,,,,
,,,,,,,,,,,,,,
,,,,,,,,,,,,,,
,,,,,,,,,,,,,,
,,,,,,,,,,,,,,
,,,,,,,,,,,,,,
,,,,,,,,,,,,,,
,,,,,,,,,,,,,,
,,,,,,,,,,,,,,
,,,,,,,,,,,,,,
,,,,,,,,,,,,,,
,,,,,,,,,,,,,,
,,,,,,,,,,,,,,
,,,,,,,,,,,,,,
,,,,,,,,,,,,,,
,,,,,,,,,,,,,,
,,,,,,,,,,,,,,
,,,,,,,,,,,,,,
,,,,,,,,,,,,,,
,,,,,,,,,,,,,,
,,,,,,,,,,,,,,
,,,,,,,,,,,,,,
,,,,,,,,,,,,,,
,,,,,,,,,,,,,,
,,,,,,,,,,,,,,
,,,,,,,,,,,,,,
,,,,,,,,,,,,,,
,,,,,,,,,,,,,,
,,,,,,,,,,,,,,
,,,,,,,,,,,,,,
,,,,,,,,,,,,,,
,,,,,,,,,,,,,,
,,,,,,,,,,,,,,
,,,,,,,,,,,,,,
,,,,,,,,,,,,,,
,,,,,,,,,,,,,,
,,,,,,,,,,,,,,
,,,,,,,,,,,,,,
,,,,,,,,,,,,,,
,,,,,,,,,,,,,,
,,,,,,,,,,,,,,
,,,,,,,,,,,,,,
,,,,,,,,,,,,,,
,,,,,,,,,,,,,,
,,,,,,,,,,,,,,
,,,,,,,,,,,,,,
,,,,,,,,,,,,,,
,,,,,,,,,,,,,,
,,,,,,,,,,,,,,
,,,,,,,,,,,,,,
,,,,,,,,,,,,,,
,,,,,,,,,,,,,,
,,,,,,,,,,,,,,
,,,,,,,,,,,,,,
,,,,,,,,,,,,,,
,,,,,,,,,,,,,,
,,,,,,,,,,,,,,
,,,,,,,,,,,,,,
,,,,,,,,,,,,,,
,,,,,,,,,,,,,,
,,,,,,,,,,,,,,
,,,,,,,,,,,,,,
,,,,,,,,,,,,,,
,,,,,,,,,,,,,,
,,,,,,,,,,,,,,
,,,,,,,,,,,,,,
,,,,,,,,,,,,,,
,,,,,,,,,,,,,,
,,,,,,,,,,,,,,
,,,,,,,,,,,,,,
,,,,,,,,,,,,,,
,,,,,,,,,,,,,,
,,,,,,,,,,,,,,
,,,,,,,,,,,,,,
,,,,,,,,,,,,,,
,,,,,,,,,,,,,,
,,,,,,,,,,,,,,
,,,,,,,,,,,,,,
,,,,,,,,,,,,,,
,,,,,,,,,,,,,,
,,,,,,,,,,,,,,
,,,,,,,,,,,,,,
,,,,,,,,,,,,,,
,,,,,,,,,,,,,,
,,,,,,,,,,,,,,
,,,,,,,,,,,,,,
,,,,,,,,,,,,,,
,,,,,,,,,,,,,,
,,,,,,,,,,,,,,
,,,,,,,,,,,,,,
,,,,,,,,,,,,,,
,,,,,,,,,,,,,,
,,,,,,,,,,,,,,
,,,,,,,,,,,,,,
,,,,,,,,,,,,,,
,,,,,,,,,,,,,,
,,,,,,,,,,,,,,
,,,,,,,,,,,,,,
,,,,,,,,,,,,,,
,,,,,,,,,,,,,,
,,,,,,,,,,,,,,
,,,,,,,,,,,,,,
,,,,,,,,,,,,,,
,,,,,,,,,,,,,,
,,,,,,,,,,,,,,
,,,,,,,,,,,,,,
,,,,,,,,,,,,,,
,,,,,,,,,,,,,,
,,,,,,,,,,,,,,
,,,,,,,,,,,,,,
,,,,,,,,,,,,,,
,,,,,,,,,,,,,,
,,,,,,,,,,,,,,
,,,,,,,,,,,,,,
,,,,,,,,,,,,,,
,,,,,,,,,,,,,,
,,,,,,,,,,,,,,
,,,,,,,,,,,,,,
,,,,,,,,,,,,,,
,,,,,,,,,,,,,,
,,,,,,,,,,,,,,
,,,,,,,,,,,,,,
,,,,,,,,,,,,,,
,,,,,,,,,,,,,,
,,,,,,,,,,,,,,
,,,,,,,,,,,,,,
,,,,,,,,,,,,,,
,,,,,,,,,,,,,,
,,,,,,,,,,,,,,
,,,,,,,,,,,,,,
,,,,,,,,,,,,,,
,,,,,,,,,,,,,,
,,,,,,,,,,,,,,
,,,,,,,,,,,,,,
,,,,,,,,,,,,,,
,,,,,,,,,,,,,,
,,,,,,,,,,,,,,
,,,,,,,,,,,,,,
,,,,,,,,,,,,,,
,,,,,,,,,,,,,,
,,,,,,,,,,,,,,
,,,,,,,,,,,,,,
,,,,,,,,,,,,,,
,,,,,,,,,,,,,,
,,,,,,,,,,,,,,
,,,,,,,,,,,,,,
,,,,,,,,,,,,,,
,,,,,,,,,,,,,,
,,,,,,,,,,,,,,
,,,,,,,,,,,,,,
,,,,,,,,,,,,,,
,,,,,,,,,,,,,,
,,,,,,,,,,,,,,
,,,,,,,,,,,,,,
,,,,,,,,,,,,,,
,,,,,,,,,,,,,,
,,,,,,,,,,,,,,
,,,,,,,,,,,,,,
,,,,,,,,,,,,,,
,,,,,,,,,,,,,,
,,,,,,,,,,,,,,
,,,,,,,,,,,,,,
,,,,,,,,,,,,,,
,,,,,,,,,,,,,,
,,,,,,,,,,,,,,
,,,,,,,,,,,,,,
,,,,,,,,,,,,,,
,,,,,,,,,,,,,,
,,,,,,,,,,,,,,
,,,,,,,,,,,,,,
,,,,,,,,,,,,,,
,,,,,,,,,,,,,,
,,,,,,,,,,,,,,
,,,,,,,,,,,,,,
,,,,,,,,,,,,,,
,,,,,,,,,,,,,,
,,,,,,,,,,,,,,
,,,,,,,,,,,,,,
,,,,,,,,,,,,,,
,,,,,,,,,,,,,,
,,,,,,,,,,,,,,
,,,,,,,,,,,,,,
,,,,,,,,,,,,,,
,,,,,,,,,,,,,,
,,,,,,,,,,,,,,
,,,,,,,,,,,,,,
,,,,,,,,,,,,,,
,,,,,,,,,,,,,,
,,,,,,,,,,,,,,
,,,,,,,,,,,,,,
,,,,,,,,,,,,,,
,,,,,,,,,,,,,,
,,,,,,,,,,,,,,
,,,,,,,,,,,,,,
,,,,,,,,,,,,,,
,,,,,,,,,,,,,,
,,,,,,,,,,,,,,
,,,,,,,,,,,,,,
,,,,,,,,,,,,,,
,,,,,,,,,,,,,,
,,,,,,,,,,,,,,
,,,,,,,,,,,,,,
,,,,,,,,,,,,,,
,,,,,,,,,,,,,,
,,,,,,,,,,,,,,
,,,,,,,,,,,,,,
,,,,,,,,,,,,,,
,,,,,,,,,,,,,,
,,,,,,,,,,,,,,
,,,,,,,,,,,,,,
,,,,,,,,,,,,,,
,,,,,,,,,,,,,,
,,,,,,,,,,,,,,
,,,,,,,,,,,,,,
,,,,,,,,,,,,,,
,,,,,,,,,,,,,,
,,,,,,,,,,,,,,
,,,,,,,,,,,,,,
,,,,,,,,,,,,,,
,,,,,,,,,,,,,,
,,,,,,,,,,,,,,
,,,,,,,,,,,,,,
,,,,,,,,,,,,,,
,,,,,,,,,,,,,,
,,,,,,,,,,,,,,
,,,,,,,,,,,,,,
,,,,,,,,,,,,,,
,,,,,,,,,,,,,,
,,,,,,,,,,,,,,
,,,,,,,,,,,,,,
,,,,,,,,,,,,,,
,,,,,,,,,,,,,,
,,,,,,,,,,,,,,
,,,,,,,,,,,,,,
,,,,,,,,,,,,,,
,,,,,,,,,,,,,,
,,,,,,,,,,,,,,
,,,,,,,,,,,,,,
,,,,,,,,,,,,,,
,,,,,,,,,,,,,,
,,,,,,,,,,,,,,
,,,,,,,,,,,,,,
,,,,,,,,,,,,,,
,,,,,,,,,,,,,,
,,,,,,,,,,,,,,
,,,,,,,,,,,,,,
,,,,,,,,,,,,,,
,,,,,,,,,,,,,,
,,,,,,,,,,,,,,
,,,,,,,,,,,,,,
,,,,,,,,,,,,,,
,,,,,,,,,,,,,,
,,,,,,,,,,,,,,
,,,,,,,,,,,,,,
,,,,,,,,,,,,,,
,,,,,,,,,,,,,,
,,,,,,,,,,,,,,
,,,,,,,,,,,,,,
,,,,,,,,,,,,,,
,,,,,,,,,,,,,,
,,,,,,,,,,,,,,
,,,,,,,,,,,,,,
,,,,,,,,,,,,,,
,,,,,,,,,,,,,,
,,,,,,,,,,,,,,
,,,,,,,,,,,,,,
,,,,,,,,,,,,,,
,,,,,,,,,,,,,,
,,,,,,,,,,,,,,
,,,,,,,,,,,,,,
,,,,,,,,,,,,,,
,,,,,,,,,,,,,,
,,,,,,,,,,,,,,
,,,,,,,,,,,,,,
,,,,,,,,,,,,,,
,,,,,,,,,,,,,,
,,,,,,,,,,,,,,
,,,,,,,,,,,,,,
,,,,,,,,,,,,,,
,,,,,,,,,,,,,,
,,,,,,,,,,,,,,
,,,,,,,,,,,,,,
,,,,,,,,,,,,,,
,,,,,,,,,,,,,,
,,,,,,,,,,,,,,
,,,,,,,,,,,,,,
,,,,,,,,,,,,,,
,,,,,,,,,,,,,,
,,,,,,,,,,,,,,
,,,,,,,,,,,,,,
,,,,,,,,,,,,,,
,,,,,,,,,,,,,,
,,,,,,,,,,,,,,
,,,,,,,,,,,,,,
,,,,,,,,,,,,,,
,,,,,,,,,,,,,,
,,,,,,,,,,,,,,
,,,,,,,,,,,,,,
,,,,,,,,,,,,,,
,,,,,,,,,,,,,,
,,,,,,,,,,,,,,
,,,,,,,,,,,,,,
,,,,,,,,,,,,,,
,,,,,,,,,,,,,,
,,,,,,,,,,,,,,
,,,,,,,,,,,,,,
,,,,,,,,,,,,,,
,,,,,,,,,,,,,,
,,,,,,,,,,,,,,
,,,,,,,,,,,,,,
,,,,,,,,,,,,,,
,,,,,,,,,,,,,,
,,,,,,,,,,,,,,
,,,,,,,,,,,,,,
,,,,,,,,,,,,,,
,,,,,,,,,,,,,,
,,,,,,,,,,,,,,
,,,,,,,,,,,,,,
,,,,,,,,,,,,,,
,,,,,,,,,,,,,,
,,,,,,,,,,,,,,
,,,,,,,,,,,,,,
,,,,,,,,,,,,,,
,,,,,,,,,,,,,,
,,,,,,,,,,,,,,
,,,,,,,,,,,,,,
,,,,,,,,,,,,,,
,,,,,,,,,,,,,,
,,,,,,,,,,,,,,
,,,,,,,,,,,,,,
,,,,,,,,,,,,,,
,,,,,,,,,,,,,,
,,,,,,,,,,,,,,
,,,,,,,,,,,,,,
,,,,,,,,,,,,,,
,,,,,,,,,,,,,,
,,,,,,,,,,,,,,
,,,,,,,,,,,,,,
,,,,,,,,,,,,,,
,,,,,,,,,,,,,,
,,,,,,,,,,,,,,
,,,,,,,,,,,,,,
,,,,,,,,,,,,,,
,,,,,,,,,,,,,,
,,,,,,,,,,,,,,
,,,,,,,,,,,,,,
,,,,,,,,,,,,,,
,,,,,,,,,,,,,,
,,,,,,,,,,,,,,
,,,,,,,,,,,,,,
,,,,,,,,,,,,,,
,,,,,,,,,,,,,,
,,,,,,,,,,,,,,
,,,,,,,,,,,,,,
,,,,,,,,,,,,,,
,,,,,,,,,,,,,,
,,,,,,,,,,,,,,
,,,,,,,,,,,,,,
,,,,,,,,,,,,,,
,,,,,,,,,,,,,,
,,,,,,,,,,,,,,
,,,,,,,,,,,,,,
,,,,,,,,,,,,,,
,,,,,,,,,,,,,,
,,,,,,,,,,,,,,
,,,,,,,,,,,,,,
,,,,,,,,,,,,,,
,,,,,,,,,,,,,,
,,,,,,,,,,,,,,
,,,,,,,,,,,,,,
,,,,,,,,,,,,,,
,,,,,,,,,,,,,,
,,,,,,,,,,,,,,
,,,,,,,,,,,,,,
,,,,,,,,,,,,,,
,,,,,,,,,,,,,,
,,,,,,,,,,,,,,
,,,,,,,,,,,,,,
,,,,,,,,,,,,,,
,,,,,,,,,,,,,,
,,,,,,,,,,,,,,
,,,,,,,,,,,,,,
,,,,,,,,,,,,,,
,,,,,,,,,,,,,,
,,,,,,,,,,,,,,
,,,,,,,,,,,,,,
,,,,,,,,,,,,,,
,,,,,,,,,,,,,,
,,,,,,,,,,,,,,
,,,,,,,,,,,,,,
,,,,,,,,,,,,,,
,,,,,,,,,,,,,,
,,,,,,,,,,,,,,
,,,,,,,,,,,,,,
,,,,,,,,,,,,,,
,,,,,,,,,,,,,,
,,,,,,,,,,,,,,
,,,,,,,,,,,,,,
,,,,,,,,,,,,,,
,,,,,,,,,,,,,,
,,,,,,,,,,,,,,
,,,,,,,,,,,,,,
,,,,,,,,,,,,,,
,,,,,,,,,,,,,,
,,,,,,,,,,,,,,
,,,,,,,,,,,,,,
,,,,,,,,,,,,,,
,,,,,,,,,,,,,,
,,,,,,,,,,,,,,
,,,,,,,,,,,,,,
,,,,,,,,,,,,,,
,,,,,,,,,,,,,,
,,,,,,,,,,,,,,
,,,,,,,,,,,,,,
,,,,,,,,,,,,,,
,,,,,,,,,,,,,,
,,,,,,,,,,,,,,
,,,,,,,,,,,,,,
,,,,,,,,,,,,,,
,,,,,,,,,,,,,,
,,,,,,,,,,,,,,
,,,,,,,,,,,,,,
,,,,,,,,,,,,,,
,,,,,,,,,,,,,,
,,,,,,,,,,,,,,
,,,,,,,,,,,,,,
,,,,,,,,,,,,,,
,,,,,,,,,,,,,,
,,,,,,,,,,,,,,
,,,,,,,,,,,,,,
,,,,,,,,,,,,,,
,,,,,,,,,,,,,,
,,,,,,,,,,,,,,
,,,,,,,,,,,,,,
,,,,,,,,,,,,,,
,,,,,,,,,,,,,,
,,,,,,,,,,,,,,
,,,,,,,,,,,,,,
,,,,,,,,,,,,,,
,,,,,,,,,,,,,,
,,,,,,,,,,,,,,
,,,,,,,,,,,,,,
,,,,,,,,,,,,,,
,,,,,,,,,,,,,,
,,,,,,,,,,,,,,
,,,,,,,,,,,,,,
,,,,,,,,,,,,,,
,,,,,,,,,,,,,,
,,,,,,,,,,,,,,
,,,,,,,,,,,,,,
,,,,,,,,,,,,,,
,,,,,,,,,,,,,,
,,,,,,,,,,,,,,
,,,,,,,,,,,,,,
,,,,,,,,,,,,,,
,,,,,,,,,,,,,,
,,,,,,,,,,,,,,
,,,,,,,,,,,,,,
,,,,,,,,,,,,,,
,,,,,,,,,,,,,,
,,,,,,,,,,,,,,
,,,,,,,,,,,,,,
,,,,,,,,,,,,,,
,,,,,,,,,,,,,,
,,,,,,,,,,,,,,
,,,,,,,,,,,,,,
,,,,,,,,,,,,,,
,,,,,,,,,,,,,,
,,,,,,,,,,,,,,
,,,,,,,,,,,,,,
,,,,,,,,,,,,,,
,,,,,,,,,,,,,,
,,,,,,,,,,,,,,
,,,,,,,,,,,,,,
,,,,,,,,,,,,,,
,,,,,,,,,,,,,,
,,,,,,,,,,,,,,
,,,,,,,,,,,,,,
,,,,,,,,,,,,,,
,,,,,,,,,,,,,,
,,,,,,,,,,,,,,
,,,,,,,,,,,,,,
,,,,,,,,,,,,,,
,,,,,,,,,,,,,,
,,,,,,,,,,,,,,
,,,,,,,,,,,,,,
,,,,,,,,,,,,,,
,,,,,,,,,,,,,,
,,,,,,,,,,,,,,
,,,,,,,,,,,,,,
,,,,,,,,,,,,,,
,,,,,,,,,,,,,,
,,,,,,,,,,,,,,
,,,,,,,,,,,,,,
,,,,,,,,,,,,,,
,,,,,,,,,,,,,,
,,,,,,,,,,,,,,
,,,,,,,,,,,,,,
,,,,,,,,,,,,,,
,,,,,,,,,,,,,,
,,,,,,,,,,,,,,
,,,,,,,,,,,,,,
,,,,,,,,,,,,,,
,,,,,,,,,,,,,,
,,,,,,,,,,,,,,
,,,,,,,,,,,,,,
,,,,,,,,,,,,,,
,,,,,,,,,,,,,,
,,,,,,,,,,,,,,
,,,,,,,,,,,,,,
,,,,,,,,,,,,,,
,,,,,,,,,,,,,,
,,,,,,,,,,,,,,
,,,,,,,,,,,,,,
,,,,,,,,,,,,,,
,,,,,,,,,,,,,,
,,,,,,,,,,,,,,
,,,,,,,,,,,,,,
,,,,,,,,,,,,,,
,,,,,,,,,,,,,,
,,,,,,,,,,,,,,
,,,,,,,,,,,,,,
,,,,,,,,,,,,,,
,,,,,,,,,,,,,,
,,,,,,,,,,,,,,
,,,,,,,,,,,,,,
,,,,,,,,,,,,,,
,,,,,,,,,,,,,,
,,,,,,,,,,,,,,
,,,,,,,,,,,,,,
,,,,,,,,,,,,,,
,,,,,,,,,,,,,,
,,,,,,,,,,,,,,
,,,,,,,,,,,,,,
,,,,,,,,,,,,,,
,,,,,,,,,,,,,,
,,,,,,,,,,,,,,
,,,,,,,,,,,,,,
,,,,,,,,,,,,,,
,,,,,,,,,,,,,,
,,,,,,,,,,,,,,
,,,,,,,,,,,,,,
,,,,,,,,,,,,,,
,,,,,,,,,,,,,,
,,,,,,,,,,,,,,
,,,,,,,,,,,,,,
,,,,,,,,,,,,,,
,,,,,,,,,,,,,,
,,,,,,,,,,,,,,
,,,,,,,,,,,,,,
,,,,,,,,,,,,,,
,,,,,,,,,,,,,,
,,,,,,,,,,,,,,
,,,,,,,,,,,,,,
,,,,,,,,,,,,,,
,,,,,,,,,,,,,,
,,,,,,,,,,,,,,
,,,,,,,,,,,,,,
,,,,,,,,,,,,,,
,,,,,,,,,,,,,,
,,,,,,,,,,,,,,
,,,,,,,,,,,,,,
,,,,,,,,,,,,,,
,,,,,,,,,,,,,,
,,,,,,,,,,,,,,
,,,,,,,,,,,,,,
,,,,,,,,,,,,,,
,,,,,,,,,,,,,,
,,,,,,,,,,,,,,
,,,,,,,,,,,,,,
,,,,,,,,,,,,,,
,,,,,,,,,,,,,,
,,,,,,,,,,,,,,
,,,,,,,,,,,,,,
,,,,,,,,,,,,,,
,,,,,,,,,,,,,,
,,,,,,,,,,,,,,
,,,,,,,,,,,,,,
,,,,,,,,,,,,,,
,,,,,,,,,,,,,,
,,,,,,,,,,,,,,
,,,,,,,,,,,,,,
,,,,,,,,,,,,,,
,,,,,,,,,,,,,,
,,,,,,,,,,,,,,
,,,,,,,,,,,,,,
,,,,,,,,,,,,,,
,,,,,,,,,,,,,,
,,,,,,,,,,,,,,
,,,,,,,,,,,,,,
,,,,,,,,,,,,,,
,,,,,,,,,,,,,,
,,,,,,,,,,,,,,
,,,,,,,,,,,,,,
,,,,,,,,,,,,,,
,,,,,,,,,,,,,,
,,,,,,,,,,,,,,
,,,,,,,,,,,,,,
,,,,,,,,,,,,,,
,,,,,,,,,,,,,,
,,,,,,,,,,,,,,
,,,,,,,,,,,,,,
,,,,,,,,,,,,,,
,,,,,,,,,,,,,,
,,,,,,,,,,,,,,
,,,,,,,,,,,,,,
,,,,,,,,,,,,,,
,,,,,,,,,,,,,,
,,,,,,,,,,,,,,
,,,,,,,,,,,,,,
,,,,,,,,,,,,,,
,,,,,,,,,,,,,,
,,,,,,,,,,,,,,
,,,,,,,,,,,,,,
,,,,,,,,,,,,,,
,,,,,,,,,,,,,,
,,,,,,,,,,,,,,
,,,,,,,,,,,,,,
,,,,,,,,,,,,,,
,,,,,,,,,,,,,,
,,,,,,,,,,,,,,
,,,,,,,,,,,,,,
,,,,,,,,,,,,,,
,,,,,,,,,,,,,,
,,,,,,,,,,,,,,
,,,,,,,,,,,,,,
,,,,,,,,,,,,,,
,,,,,,,,,,,,,,
,,,,,,,,,,,,,,
,,,,,,,,,,,,,,
,,,,,,,,,,,,,,
,,,,,,,,,,,,,,
,,,,,,,,,,,,,,
,,,,,,,,,,,,,,
,,,,,,,,,,,,,,
,,,,,,,,,,,,,,
,,,,,,,,,,,,,,
,,,,,,,,,,,,,,
,,,,,,,,,,,,,,
,,,,,,,,,,,,,,
,,,,,,,,,,,,,,
,,,,,,,,,,,,,,
,,,,,,,,,,,,,,
,,,,,,,,,,,,,,
,,,,,,,,,,,,,,
,,,,,,,,,,,,,,
,,,,,,,,,,,,,,
,,,,,,,,,,,,,,
,,,,,,,,,,,,,,
,,,,,,,,,,,,,,
,,,,,,,,,,,,,,
,,,,,,,,,,,,,,
,,,,,,,,,,,,,,
,,,,,,,,,,,,,,
,,,,,,,,,,,,,,
,,,,,,,,,,,,,,
,,,,,,,,,,,,,,
,,,,,,,,,,,,,,
,,,,,,,,,,,,,,
,,,,,,,,,,,,,,
,,,,,,,,,,,,,,
,,,,,,,,,,,,,,
,,,,,,,,,,,,,,
,,,,,,,,,,,,,,
,,,,,,,,,,,,,,
,,,,,,,,,,,,,,
,,,,,,,,,,,,,,
,,,,,,,,,,,,,,
,,,,,,,,,,,,,,
,,,,,,,,,,,,,,
,,,,,,,,,,,,,,
,,,,,,,,,,,,,,
,,,,,,,,,,,,,,
,,,,,,,,,,,,,,
,,,,,,,,,,,,,,
,,,,,,,,,,,,,,
,,,,,,,,,,,,,,
,,,,,,,,,,,,,,
,,,,,,,,,,,,,,
,,,,,,,,,,,,,,
,,,,,,,,,,,,,,
,,,,,,,,,,,,,,
,,,,,,,,,,,,,,
,,,,,,,,,,,,,,
,,,,,,,,,,,,,,
,,,,,,,,,,,,,,
,,,,,,,,,,,,,,
,,,,,,,,,,,,,,
,,,,,,,,,,,,,,
,,,,,,,,,,,,,,
,,,,,,,,,,,,,,
,,,,,,,,,,,,,,
,,,,,,,,,,,,,,
,,,,,,,,,,,,,,
,,,,,,,,,,,,,,
,,,,,,,,,,,,,,
,,,,,,,,,,,,,,
,,,,,,,,,,,,,,
,,,,,,,,,,,,,,
,,,,,,,,,,,,,,
,,,,,,,,,,,,,,
,,,,,,,,,,,,,,
,,,,,,,,,,,,,,
,,,,,,,,,,,,,,
,,,,,,,,,,,,,,
,,,,,,,,,,,,,,
,,,,,,,,,,,,,,
,,,,,,,,,,,,,,
,,,,,,,,,,,,,,
,,,,,,,,,,,,,,
,,,,,,,,,,,,,,
,,,,,,,,,,,,,,
,,,,,,,,,,,,,,
,,,,,,,,,,,,,,
,,,,,,,,,,,,,,
,,,,,,,,,,,,,,
,,,,,,,,,,,,,,
,,,,,,,,,,,,,,
,,,,,,,,,,,,,,
,,,,,,,,,,,,,,
,,,,,,,,,,,,,,
,,,,,,,,,,,,,,
,,,,,,,,,,,,,,
,,,,,,,,,,,,,,
,,,,,,,,,,,,,,
,,,,,,,,,,,,,,
,,,,,,,,,,,,,,
,,,,,,,,,,,,,,
,,,,,,,,,,,,,,
,,,,,,,,,,,,,,
,,,,,,,,,,,,,,
,,,,,,,,,,,,,,
,,,,,,,,,,,,,,
,,,,,,,,,,,,,,
,,,,,,,,,,,,,,
,,,,,,,,,,,,,,
,,,,,,,,,,,,,,
,,,,,,,,,,,,,,
,,,,,,,,,,,,,,
,,,,,,,,,,,,,,
,,,,,,,,,,,,,,
,,,,,,,,,,,,,,
,,,,,,,,,,,,,,
,,,,,,,,,,,,,,
,,,,,,,,,,,,,,
,,,,,,,,,,,,,,
,,,,,,,,,,,,,,
,,,,,,,,,,,,,,
,,,,,,,,,,,,,,
,,,,,,,,,,,,,,
,,,,,,,,,,,,,,
,,,,,,,,,,,,,,
,,,,,,,,,,,,,,
,,,,,,,,,,,,,,
,,,,,,,,,,,,,,
,,,,,,,,,,,,,,
,,,,,,,,,,,,,,
,,,,,,,,,,,,,,
,,,,,,,,,,,,,,
,,,,,,,,,,,,,,
,,,,,,,,,,,,,,
,,,,,,,,,,,,,,
,,,,,,,,,,,,,,
,,,,,,,,,,,,,,
,,,,,,,,,,,,,,
,,,,,,,,,,,,,,
,,,,,,,,,,,,,,
,,,,,,,,,,,,,,
,,,,,,,,,,,,,,
,,,,,,,,,,,,,,
,,,,,,,,,,,,,,
,,,,,,,,,,,,,,
,,,,,,,,,,,,,,
,,,,,,,,,,,,,,
,,,,,,,,,,,,,,
,,,,,,,,,,,,,,
,,,,,,,,,,,,,,
,,,,,,,,,,,,,,
,,,,,,,,,,,,,,
,,,,,,,,,,,,,,
,,,,,,,,,,,,,,
,,,,,,,,,,,,,,
,,,,,,,,,,,,,,
,,,,,,,,,,,,,,
,,,,,,,,,,,,,,
,,,,,,,,,,,,,,
,,,,,,,,,,,,,,
,,,,,,,,,,,,,,
,,,,,,,,,,,,,,
,,,,,,,,,,,,,,
,,,,,,,,,,,,,,
,,,,,,,,,,,,,,
,,,,,,,,,,,,,,
,,,,,,,,,,,,,,
,,,,,,,,,,,,,,
,,,,,,,,,,,,,,
,,,,,,,,,,,,,,
,,,,,,,,,,,,,,
,,,,,,,,,,,,,,
,,,,,,,,,,,,,,
,,,,,,,,,,,,,,
,,,,,,,,,,,,,,
,,,,,,,,,,,,,,
,,,,,,,,,,,,,,
,,,,,,,,,,,,,,
,,,,,,,,,,,,,,
,,,,,,,,,,,,,,
,,,,,,,,,,,,,,
,,,,,,,,,,,,,,
,,,,,,,,,,,,,,
,,,,,,,,,,,,,,
,,,,,,,,,,,,,,
,,,,,,,,,,,,,,
,,,,,,,,,,,,,,
,,,,,,,,,,,,,,
,,,,,,,,,,,,,,
,,,,,,,,,,,,,,
,,,,,,,,,,,,,,
,,,,,,,,,,,,,,
,,,,,,,,,,,,,,
,,,,,,,,,,,,,,
,,,,,,,,,,,,,,
,,,,,,,,,,,,,,
,,,,,,,,,,,,,,
,,,,,,,,,,,,,,
,,,,,,,,,,,,,,
,,,,,,,,,,,,,,
,,,,,,,,,,,,,,
,,,,,,,,,,,,,,
,,,,,,,,,,,,,,
,,,,,,,,,,,,,,
,,,,,,,,,,,,,,
,,,,,,,,,,,,,,
,,,,,,,,,,,,,,
,,,,,,,,,,,,,,
,,,,,,,,,,,,,,
,,,,,,,,,,,,,,
,,,,,,,,,,,,,,
,,,,,,,,,,,,,,
,,,,,,,,,,,,,,
,,,,,,,,,,,,,,
,,,,,,,,,,,,,,
,,,,,,,,,,,,,,
,,,,,,,,,,,,,,
,,,,,,,,,,,,,,
,,,,,,,,,,,,,,
,,,,,,,,,,,,,,
,,,,,,,,,,,,,,
,,,,,,,,,,,,,,
,,,,,,,,,,,,,,
,,,,,,,,,,,,,,
,,,,,,,,,,,,,,
,,,,,,,,,,,,,,
,,,,,,,,,,,,,,
,,,,,,,,,,,,,,
,,,,,,,,,,,,,,
,,,,,,,,,,,,,,
,,,,,,,,,,,,,,
,,,,,,,,,,,,,,
,,,,,,,,,,,,,,
,,,,,,,,,,,,,,
,,,,,,,,,,,,,,
,,,,,,,,,,,,,,
,,,,,,,,,,,,,,
,,,,,,,,,,,,,,
,,,,,,,,,,,,,,
,,,,,,,,,,,,,,
,,,,,,,,,,,,,,
,,,,,,,,,,,,,,
,,,,,,,,,,,,,,
,,,,,,,,,,,,,,
,,,,,,,,,,,,,,
,,,,,,,,,,,,,,
,,,,,,,,,,,,,,
,,,,,,,,,,,,,,
,,,,,,,,,,,,,,
,,,,,,,,,,,,,,
,,,,,,,,,,,,,,
,,,,,,,,,,,,,,
,,,,,,,,,,,,,,
,,,,,,,,,,,,,,
,,,,,,,,,,,,,,
,,,,,,,,,,,,,,
,,,,,,,,,,,,,,
,,,,,,,,,,,,,,
,,,,,,,,,,,,,,
,,,,,,,,,,,,,,
,,,,,,,,,,,,,,
,,,,,,,,,,,,,,
,,,,,,,,,,,,,,
,,,,,,,,,,,,,,
,,,,,,,,,,,,,,
,,,,,,,,,,,,,,
,,,,,,,,,,,,,,
,,,,,,,,,,,,,,
,,,,,,,,,,,,,,
,,,,,,,,,,,,,,
,,,,,,,,,,,,,,
,,,,,,,,,,,,,,
,,,,,,,,,,,,,,
,,,,,,,,,,,,,,
,,,,,,,,,,,,,,
,,,,,,,,,,,,,,
,,,,,,,,,,,,,,
,,,,,,,,,,,,,,
,,,,,,,,,,,,,,
,,,,,,,,,,,,,,
,,,,,,,,,,,,,,
,,,,,,,,,,,,,,
,,,,,,,,,,,,,,
,,,,,,,,,,,,,,
,,,,,,,,,,,,,,
,,,,,,,,,,,,,,
,,,,,,,,,,,,,,
,,,,,,,,,,,,,,
,,,,,,,,,,,,,,
,,,,,,,,,,,,,,
,,,,,,,,,,,,,,
,,,,,,,,,,,,,,
,,,,,,,,,,,,,,
,,,,,,,,,,,,,,
,,,,,,,,,,,,,,
,,,,,,,,,,,,,,
,,,,,,,,,,,,,,
,,,,,,,,,,,,,,
,,,,,,,,,,,,,,
,,,,,,,,,,,,,,
,,,,,,,,,,,,,,
,,,,,,,,,,,,,,
,,,,,,,,,,,,,,
,,,,,,,,,,,,,,
,,,,,,,,,,,,,,
,,,,,,,,,,,,,,
,,,,,,,,,,,,,,
,,,,,,,,,,,,,,
,,,,,,,,,,,,,,
,,,,,,,,,,,,,,
,,,,,,,,,,,,,,
,,,,,,,,,,,,,,
,,,,,,,,,,,,,,
,,,,,,,,,,,,,,
,,,,,,,,,,,,,,
,,,,,,,,,,,,,,
,,,,,,,,,,,,,,
,,,,,,,,,,,,,,
,,,,,,,,,,,,,,
,,,,,,,,,,,,,,
,,,,,,,,,,,,,,
,,,,,,,,,,,,,,
,,,,,,,,,,,,,,
,,,,,,,,,,,,,,
,,,,,,,,,,,,,,
,,,,,,,,,,,,,,
,,,,,,,,,,,,,,
,,,,,,,,,,,,,,
,,,,,,,,,,,,,,
,,,,,,,,,,,,,,
,,,,,,,,,,,,,,
,,,,,,,,,,,,,,
,,,,,,,,,,,,,,
,,,,,,,,,,,,,,
,,,,,,,,,,,,,,
,,,,,,,,,,,,,,
,,,,,,,,,,,,,,
,,,,,,,,,,,,,,
,,,,,,,,,,,,,,
,,,,,,,,,,,,,,
,,,,,,,,,,,,,,
,,,,,,,,,,,,,,
,,,,,,,,,,,,,,
,,,,,,,,,,,,,,
,,,,,,,,,,,,,,
,,,,,,,,,,,,,,
,,,,,,,,,,,,,,
,,,,,,,,,,,,,,
,,,,,,,,,,,,,,
,,,,,,,,,,,,,,
,,,,,,,,,,,,,,
,,,,,,,,,,,,,,
,,,,,,,,,,,,,,
,,,,,,,,,,,,,,
,,,,,,,,,,,,,,
,,,,,,,,,,,,,,
,,,,,,,,,,,,,,
,,,,,,,,,,,,,,
,,,,,,,,,,,,,,
,,,,,,,,,,,,,,
,,,,,,,,,,,,,,
,,,,,,,,,,,,,,
,,,,,,,,,,,,,,
,,,,,,,,,,,,,,
,,,,,,,,,,,,,,
,,,,,,,,,,,,,,
,,,,,,,,,,,,,,
,,,,,,,,,,,,,,
,,,,,,,,,,,,,,
,,,,,,,,,,,,,,
,,,,,,,,,,,,,,
,,,,,,,,,,,,,,
,,,,,,,,,,,,,,
,,,,,,,,,,,,,,
,,,,,,,,,,,,,,
,,,,,,,,,,,,,,
,,,,,,,,,,,,,,
,,,,,,,,,,,,,,
,,,,,,,,,,,,,,
,,,,,,,,,,,,,,
,,,,,,,,,,,,,,
,,,,,,,,,,,,,,
,,,,,,,,,,,,,,
,,,,,,,,,,,,,,
,,,,,,,,,,,,,,
,,,,,,,,,,,,,,
,,,,,,,,,,,,,,
,,,,,,,,,,,,,,
,,,,,,,,,,,,,,
,,,,,,,,,,,,,,
,,,,,,,,,,,,,,
,,,,,,,,,,,,,,
,,,,,,,,,,,,,,
,,,,,,,,,,,,,,
,,,,,,,,,,,,,,
,,,,,,,,,,,,,,
,,,,,,,,,,,,,,
,,,,,,,,,,,,,,
,,,,,,,,,,,,,,
,,,,,,,,,,,,,,
,,,,,,,,,,,,,,
,,,,,,,,,,,,,,
,,,,,,,,,,,,,,
,,,,,,,,,,,,,,
,,,,,,,,,,,,,,
,,,,,,,,,,,,,,
,,,,,,,,,,,,,,
,,,,,,,,,,,,,,
,,,,,,,,,,,,,,
,,,,,,,,,,,,,,
,,,,,,,,,,,,,,
,,,,,,,,,,,,,,
,,,,,,,,,,,,,,
,,,,,,,,,,,,,,
,,,,,,,,,,,,,,
,,,,,,,,,,,,,,
,,,,,,,,,,,,,,
,,,,,,,,,,,,,,
,,,,,,,,,,,,,,
,,,,,,,,,,,,,,
,,,,,,,,,,,,,,
,,,,,,,,,,,,,,
,,,,,,,,,,,,,,
,,,,,,,,,,,,,,
,,,,,,,,,,,,,,
,,,,,,,,,,,,,,
,,,,,,,,,,,,,,
,,,,,,,,,,,,,,
,,,,,,,,,,,,,,
,,,,,,,,,,,,,,
,,,,,,,,,,,,,,
,,,,,,,,,,,,,,
,,,,,,,,,,,,,,
,,,,,,,,,,,,,,
,,,,,,,,,,,,,,
,,,,,,,,,,,,,,
,,,,,,,,,,,,,,
,,,,,,,,,,,,,,
,,,,,,,,,,,,,,
,,,,,,,,,,,,,,
,,,,,,,,,,,,,,
,,,,,,,,,,,,,,
,,,,,,,,,,,,,,
,,,,,,,,,,,,,,
,,,,,,,,,,,,,,
,,,,,,,,,,,,,,
,,,,,,,,,,,,,,
,,,,,,,,,,,,,,
,,,,,,,,,,,,,,
,,,,,,,,,,,,,,
,,,,,,,,,,,,,,
,,,,,,,,,,,,,,
,,,,,,,,,,,,,,
,,,,,,,,,,,,,,
,,,,,,,,,,,,,,
,,,,,,,,,,,,,,
,,,,,,,,,,,,,,
,,,,,,,,,,,,,,
,,,,,,,,,,,,,,
,,,,,,,,,,,,,,
,,,,,,,,,,,,,,
,,,,,,,,,,,,,,
,,,,,,,,,,,,,,
,,,,,,,,,,,,,,
,,,,,,,,,,,,,,
,,,,,,,,,,,,,,
,,,,,,,,,,,,,,
,,,,,,,,,,,,,,
,,,,,,,,,,,,,,
,,,,,,,,,,,,,,
,,,,,,,,,,,,,,
,,,,,,,,,,,,,,
,,,,,,,,,,,,,,
,,,,,,,,,,,,,,
,,,,,,,,,,,,,,
,,,,,,,,,,,,,,
,,,,,,,,,,,,,,
,,,,,,,,,,,,,,
,,,,,,,,,,,,,,
,,,,,,,,,,,,,,
,,,,,,,,,,,,,,
,,,,,,,,,,,,,,
,,,,,,,,,,,,,,
,,,,,,,,,,,,,,
,,,,,,,,,,,,,,
,,,,,,,,,,,,,,
,,,,,,,,,,,,,,
,,,,,,,,,,,,,,
,,,,,,,,,,,,,,
,,,,,,,,,,,,,,
,,,,,,,,,,,,,,
,,,,,,,,,,,,,,
,,,,,,,,,,,,,,
,,,,,,,,,,,,,,
,,,,,,,,,,,,,,
,,,,,,,,,,,,,,
,,,,,,,,,,,,,,
,,,,,,,,,,,,,,
,,,,,,,,,,,,,,
,,,,,,,,,,,,,,
,,,,,,,,,,,,,,
,,,,,,,,,,,,,,
,,,,,,,,,,,,,,
,,,,,,,,,,,,,,
,,,,,,,,,,,,,,
,,,,,,,,,,,,,,
,,,,,,,,,,,,,,
,,,,,,,,,,,,,,
,,,,,,,,,,,,,,
,,,,,,,,,,,,,,
,,,,,,,,,,,,,,
,,,,,,,,,,,,,,
,,,,,,,,,,,,,,
,,,,,,,,,,,,,,
,,,,,,,,,,,,,,
,,,,,,,,,,,,,,
,,,,,,,,,,,,,,
,,,,,,,,,,,,,,
,,,,,,,,,,,,,,
,,,,,,,,,,,,,,
,,,,,,,,,,,,,,
,,,,,,,,,,,,,,
,,,,,,,,,,,,,,
,,,,,,,,,,,,,,
,,,,,,,,,,,,,,
,,,,,,,,,,,,,,
,,,,,,,,,,,,,,
,,,,,,,,,,,,,,
,,,,,,,,,,,,,,
,,,,,,,,,,,,,,
,,,,,,,,,,,,,,
,,,,,,,,,,,,,,
,,,,,,,,,,,,,,
,,,,,,,,,,,,,,
,,,,,,,,,,,,,,
,,,,,,,,,,,,,,
,,,,,,,,,,,,,,
,,,,,,,,,,,,,,
,,,,,,,,,,,,,,
,,,,,,,,,,,,,,
,,,,,,,,,,,,,,
,,,,,,,,,,,,,,
,,,,,,,,,,,,,,
,,,,,,,,,,,,,,
,,,,,,,,,,,,,,
,,,,,,,,,,,,,,
,,,,,,,,,,,,,,
,,,,,,,,,,,,,,
,,,,,,,,,,,,,,
,,,,,,,,,,,,,,
,,,,,,,,,,,,,,
,,,,,,,,,,,,,,
,,,,,,,,,,,,,,
,,,,,,,,,,,,,,
,,,,,,,,,,,,,,
,,,,,,,,,,,,,,
,,,,,,,,,,,,,,
,,,,,,,,,,,,,,
,,,,,,,,,,,,,,
,,,,,,,,,,,,,,
,,,,,,,,,,,,,,
,,,,,,,,,,,,,,
,,,,,,,,,,,,,,
,,,,,,,,,,,,,,
,,,,,,,,,,,,,,
,,,,,,,,,,,,,,
,,,,,,,,,,,,,,
,,,,,,,,,,,,,,
,,,,,,,,,,,,,,
,,,,,,,,,,,,,,
,,,,,,,,,,,,,,
,,,,,,,,,,,,,,
,,,,,,,,,,,,,,
,,,,,,,,,,,,,,
,,,,,,,,,,,,,,
,,,,,,,,,,,,,,
,,,,,,,,,,,,,,
,,,,,,,,,,,,,,
,,,,,,,,,,,,,,
,,,,,,,,,,,,,,
,,,,,,,,,,,,,,
,,,,,,,,,,,,,,
,,,,,,,,,,,,,,
,,,,,,,,,,,,,,
,,,,,,,,,,,,,,
,,,,,,,,,,,,,,
,,,,,,,,,,,,,,
,,,,,,,,,,,,,,
,,,,,,,,,,,,,,
,,,,,,,,,,,,,,
,,,,,,,,,,,,,,
,,,,,,,,,,,,,,
,,,,,,,,,,,,,,
,,,,,,,,,,,,,,
,,,,,,,,,,,,,,
,,,,,,,,,,,,,,
,,,,,,,,,,,,,,
,,,,,,,,,,,,,,
,,,,,,,,,,,,,,
,,,,,,,,,,,,,,
,,,,,,,,,,,,,,
,,,,,,,,,,,,,,
,,,,,,,,,,,,,,
,,,,,,,,,,,,,,
,,,,,,,,,,,,,,
,,,,,,,,,,,,,,
,,,,,,,,,,,,,,
,,,,,,,,,,,,,,
,,,,,,,,,,,,,,
,,,,,,,,,,,,,,
,,,,,,,,,,,,,,
,,,,,,,,,,,,,,
,,,,,,,,,,,,,,
,,,,,,,,,,,,,,
,,,,,,,,,,,,,,
,,,,,,,,,,,,,,
,,,,,,,,,,,,,,
,,,,,,,,,,,,,,
,,,,,,,,,,,,,,
,,,,,,,,,,,,,,
,,,,,,,,,,,,,,
,,,,,,,,,,,,,,
,,,,,,,,,,,,,,
,,,,,,,,,,,,,,
,,,,,,,,,,,,,,
,,,,,,,,,,,,,,
,,,,,,,,,,,,,,
,,,,,,,,,,,,,,
,,,,,,,,,,,,,,
,,,,,,,,,,,,,,
,,,,,,,,,,,,,,
,,,,,,,,,,,,,,
,,,,,,,,,,,,,,
,,,,,,,,,,,,,,
,,,,,,,,,,,,,,
,,,,,,,,,,,,,,
,,,,,,,,,,,,,,
,,,,,,,,,,,,,,
,,,,,,,,,,,,,,
,,,,,,,,,,,,,,
,,,,,,,,,,,,,,
,,,,,,,,,,,,,,
,,,,,,,,,,,,,,
,,,,,,,,,,,,,,
,,,,,,,,,,,,,,
,,,,,,,,,,,,,,
,,,,,,,,,,,,,,
,,,,,,,,,,,,,,
,,,,,,,,,,,,,,
,,,,,,,,,,,,,,
,,,,,,,,,,,,,,
,,,,,,,,,,,,,,
,,,,,,,,,,,,,,
,,,,,,,,,,,,,,
,,,,,,,,,,,,,,
,,,,,,,,,,,,,,
,,,,,,,,,,,,,,
,,,,,,,,,,,,,,
,,,,,,,,,,,,,,
,,,,,,,,,,,,,,
,,,,,,,,,,,,,,
,,,,,,,,,,,,,,
,,,,,,,,,,,,,,
,,,,,,,,,,,,,,
,,,,,,,,,,,,,,
,,,,,,,,,,,,,,
,,,,,,,,,,,,,,
,,,,,,,,,,,,,,
,,,,,,,,,,,,,,
,,,,,,,,,,,,,,
,,,,,,,,,,,,,,
,,,,,,,,,,,,,,
,,,,,,,,,,,,,,
,,,,,,,,,,,,,,
,,,,,,,,,,,,,,
,,,,,,,,,,,,,,
,,,,,,,,,,,,,,
,,,,,,,,,,,,,,
,,,,,,,,,,,,,,
,,,,,,,,,,,,,,
,,,,,,,,,,,,,,
,,,,,,,,,,,,,,
,,,,,,,,,,,,,,
,,,,,,,,,,,,,,
,,,,,,,,,,,,,,
,,,,,,,,,,,,,,
,,,,,,,,,,,,,,
,,,,,,,,,,,,,,
,,,,,,,,,,,,,,
,,,,,,,,,,,,,,
,,,,,,,,,,,,,,
,,,,,,,,,,,,,,
,,,,,,,,,,,,,,
,,,,,,,,,,,,,,
,,,,,,,,,,,,,,
,,,,,,,,,,,,,,
,,,,,,,,,,,,,,
,,,,,,,,,,,,,,
,,,,,,,,,,,,,,
,,,,,,,,,,,,,,
,,,,,,,,,,,,,,
,,,,,,,,,,,,,,
,,,,,,,,,,,,,,